Unnamed: 0,Test_Sponsor,SPEC_License,Test_Method,Tested_By,Test_Location,Test_Date,Hardware_Availability,Software_Availability,Publication,System_Source,System_Designation,Power_Provisioning,HW_Vendor,HW_Model,HW_FormFactor,HW_CPUName,HW_CPUChars,HW_CPUFreq,HW_CPUsEnabled,HW_HardwareThreads,HW_CPUsOrderable,HW_PrimaryCache,HW_SecondaryCache,HW_TertiaryCache,HW_OtherCache,HW_MemAmountGB,HW_DIMMNumAndSize,HW_MemDetails,HW_PSUQuantAndRating,HW_PSUDetails,HW_DiskDrive,HW_DiskController,HW_NICSNumAndType,HW_NICSFirm/OS/Conn,HW_NetSpeedMbit,HW_Keyboard,HW_Mouse,HW_Monitor,HW_OpticalDrive,HW_Other,SW_PowerManagement,SW_OS,SW_OSVersion,SW_Filesystem,SW_JVMVendor,SW_JVMVersion,SW_JVMCLIOpts,SW_JVMAffinity,SW_JVMInstances,SW_JVMInitialHeapMB,SW_JVMMaxHeapMB,SW_JVMAddressBits,SW_BootFirmwareVersion,SW_MgmtFirmwareVersion,SW_WorkloadVersion,SW_DirectorLocation,SW_Others,SUT_BIOS,SUT_Firmware,SUT_Notes,hash,Hardware_Availability_Month,Hardware_Availability_Year,CPUMake,CPUName,TurboBoostGHz,CPUCores,CPUChips,CPUThreads,NumOfPSU,PSURating,CPUFamily,L2CacheKB,L3CacheKB,Architecture,TDP,BIOS_Memory_Setting_Changed,BIOS_HT_Enabled,BIOS_VT_Enabled,BIOS_Turbo_Boost_Enabled,BIOS_C_States_Enabled,BIOS_P_States_Enabled,BIOS_Prefetchers_Enabled,utilization,power,CPU_Usage (%),Memory_Capacity (GB),CPU_Cores,Hardware_Year,TDP_Limit,Energy_Consumption (Watts)
1632,"Huawei Technologies Co., Ltd",3175,Single Node,"Huawei Technologies Co., Ltd","Shenzhen, Guangdong, China","May 10, 2012",May-2012,Dec-2011,"May 30, 2012",Single Supplier,Server,Line-powered,"Huawei Technologies Co., Ltd",RH2285 V2,2U,Intel Xeon E5-2470,"8-Core, 2.30 GHz, 20 MB L3 Cache (Turbo Boost Technology up to 3.10 GHz)",2300,"16 cores, 2 chips, 8 cores/chip",32 (2 / core),"1,2 chips",32 KB I + 32 KB D on chip per core,256 KB I+D on chip per core,20 MB I+D on chip per chip,,16.0,4 x 4 GB,4GB 2Rx8 PC3L-10600R ECC,1 x 460,Huawei P/N PW98080438,"1 x 160GB SSD 2.5&quot; SATA, Huawei P/N 02310KSX",Integrated SATA controller,1 x Dual-port Intel 82580 Gigabit Ethernet controller,2/2/1,1000,,,,No,,Power Saver enabled in OS,Microsoft Windows Server 2008 Enterprise x64 Edition,R2 SP1,NTFS,Oracle Corporation,"Oracle Java HotSpot(TM) 64-Bit Server VM on Windows, version 1.6.0_30",-server -Xmx1600m -Xms1600m -Xmn1200m -XX:ParallelGCThreads=2 -XX:SurvivorRatio=60 -XX:TargetSurvivorRatio=90 -XX:InlineSmallCode=3900 -XX:MaxInlineSize=270 -XX:FreqInlineSize=2500 -XX:AllocatePrefetchDistance=256 -XX:AllocatePrefetchLines=4 -XX:InitialTenuringThreshold=12 -XX:MaxTenuringThreshold=15 -XX:LoopUnrollLimit=45 -XX:+UseCompressedStrings -XX:+AggressiveOpts -XX:+UseLargePages -XX:+UseParallelOldGC,"start /affinity [0x0F,0xF0,0xF00,0xF000,0xF0000,0xF00000,0xF000000,0xF0000000]",8,1600,1600,64,V018,3.02,SSJ 1.2.9,Controller,,;;;Hardware prefetcher -disabled.;;;Adjacent Cache Line Prefetch -disabled.;;;DCU Streamer Prefetcher -disabled.;;;Intel HT Technology -enabled.;;;Turbo mode -enabled.;;;C-state -enabled.;;;Power Mode -Efficiency.;;;QPI Link  Speed -6.4GT/s.;;;Memory Frequency Limit -1333MHz.;;;Demand Scrubbing -disabled.;;;USB configuration EHCI 2 -disabled.,none,";;;The test was started via Remote Desktop.;;;Minimum Processor State: 0%.;;;Maximum Processor State: 100%.;;;Turn off hard disk after 1 minute .;;;Each JVM instance was affinitized to four logical processors.;;;Using the local security settings console, &quot;lock pages in memory&quot; was enabled for the user running the benchmark.",5886670158721143104,May,2012,intel,xeone5-2470,,16,2,32,1.0,460.0,xeon,256.0,20000.0,sandybridge,95.0,True,True,,,True,,False,80,177.0,80,16.0,16,2012,95.0,177.0
3891,Acer Incorporated,97,Single Node,Acer Incorporated,"San Jose, CA, USA","Oct 27, 2009",Dec-2009,Jun-2009,"Nov 18, 2009",Single Supplier,Server,Line-powered,Acer Incorporated,Gateway GR160 F1,1U,Intel Xeon L5520,"Quad-Core, 2.26GHz, 8MB L3 Cache",2266,"8 cores, 2 chips, 4 cores/chip",16 (2 / core),"1,2 chips",32 KB I + 32 KB D on chip per core,256 KB I+D on chip per core,8 MB I+D on chip per chip,,8.0,4 x 2048 MB,2GB 2Rx8 PC3-10600E; slots 1A and 2A are populated on each processor,1 x 720,Supermicro PWS-721P-1R,Intel X25-E Extreme 64 GB SLC SSD - SSDSA2SH064G1GC,Intel ICH10R SATA 3.0Gbps Controller,2 x Intel 82576 Gigabit Ethernet,2/2/1,1000,KVM,KVM,KVM,No,,Balanced power enabled in OS,"Windows Server 2008 x64, Enterprise Edition",SP2,NTFS,Oracle Corporation,"Oracle JRockit(R) 6 P28.0.0 (build P28.0.0-29-114096-1.6.0_11-20090427-1759-windows-x86_64, compiled mode)","-Xms1600m -Xmx1500m -Xns1600m -XXaggressive -XlargePages -XXthroughputCompaction -XXcallprofiling -XXlazyUnlocking -Xgc:genpar -XXgcthreads:4 -XXtlasize:min=12k,preferred=1024k","start /affinity [0xF, 0xF0, 0xF00, 0xF000]",4,1600,1600,64,D03 10/23/2009,0.03 10/03/2009,SSJ 1.2.6,SUT,,See SUT Notes,,";;;Each JVM instance was affinitized to a pair of cores.;;;Using the local security settings console, &quot;lock pages in memory&quot; was enabled for the user running the benchmark.;;;USB selective suspend setting - Enabled;;;Processor power management Maximum Processor state:100%;;;Processor power management Minimum Processor state:0%;;;BIOS Settings;;;Load Optimal Defaults;;;Hardware Prefetcher - Disabled;;;Adjacent Cache Line Prefetch - Disabled;;;Intel Virtualization Technology - Disabled;;;Simultaneous Multi-Threading - Enabled;;;Turbo Mode - Disabled;;;AHCI - Enabled;;;ACPI - 3.0;;;Active State Power Management - Enabled;;;Memory Frequency - Force DDR1066;;;QPI Frequency - 4.8GT;;;QPI L0s and L1s - Enabled;;;Fan Mode - Energy Saving / ES",12082279159451865765,Dec,2009,intel,xeonl5520,,8,2,16,1.0,720.0,xeon,256.0,8000.0,nehalem,60.0,True,,,False,,,False,40,141.0,40,8.0,8,2009,60.0,141.0
2115,NEC Corporation,9006,Single Node,NEC Corporation,"Fuchu, Tokyo, Japan","Feb 4, 2011",Feb-2011,Sep-2010,"Feb 24, 2011",Single Supplier,Server,Line-powered,NEC Corporation,Express5800/R120b-1,1U,Intel Xeon X5675,"Hexa-Core, 3.06 GHz, 12 MB L3 Cache",3066,"12 cores, 2 chips, 6 cores/chip",24 (2 / core),"1,2 chips",32 KB I + 32 KB D on chip per core,256 KB I+D on chip per core,12 MB I+D on chip per chip,,24.0,6 x 4096 MB,"4GB 2Rx4 PC3L-10600R ECC CL9; slots CPU1_DIMM1, CPU1_DIMM2, CPU1_DIMM3, CPU2_DIMM1, CPU2_DIMM2 and CPU2_DIMM3 populated",1 x 650,Delta DPS-650RB,"1 x 50GB SSD SATA, NEC P/N:N8150-702",Integrated SATA controller,1 x Integrated Intel 82576 Gigabit Dual Port Ethernet Controller,2/1/1,1000,,,,No,,Power saver,Microsoft Windows Server 2008 Enterprise x64 Edition,SP2,NTFS,Oracle Corporation,"Oracle Java HotSpot(TM) 64-Bit Server VM on Windows, version 1.6.0_21 Performance Release",-Xms1650m -Xmx1650m -Xmn1450m -XX:+AggressiveOpts -XX:+UseBiasedLocking -XX:+UseStringCache -XX:+OptimizeStringConcat -XX:+UseCompressedStrings -XX:+UseParallelOldGC -XX:ParallelGCThreads=2 -XX:+UseLargePages -XX:LargePageSizeInBytes=2m -XX:+UseCompressedOops -XX:+AlwaysPreTouch -XX:AllocatePrefetchDistance=192 -XX:AllocatePrefetchLines=4 -XX:SurvivorRatio=50 -XX:TargetSurvivorRatio=90 -XX:InlineSmallCode=5500 -XX:MaxInlineSize=220 -XX:FreqInlineSize=2500 -XX:LoopUnrollLimit=45 -XX:InitialTenuringThreshold=12 -XX:MaxTenuringThreshold=15,"start /affinity [3,C,30,C0,300,C00,3000,C000,30000,C0000,300000,C00000]",12,1650,1650,64,4.6.2C18,1.28,SSJ 1.2.6,Controller,,;;;Turbo Boost was disabled in BIOS.;;;Server Class was set to Custom in BIOS.;;;Hardware Prefetcher was disabled in BIOS.;;;Adjacent Cache Line Prefetch was disabled in BIOS.;;;L1 Data Prefetcher was disabled in BIOS.;;;Data Reuse Optimization was disabled in BIOS.;;;Memory Frequency was set to 1067MHz in BIOS.;;;QPI Frequency was set to 4.800 GT/s in BIOS.,,";;;Each JVM instance was affinitized to two threads in a socket.;;;Using the local security settings console, &quot;lock pages in memory&quot; was enabled for the user running the benchmark.;;;Processor power management Minimum processor state was set to 0% in OS.;;;Processor power management Maximum processor state was set to 100% in OS.;;;Run was started via Remote Desktop Connection.;;;input.load_level.number_warehouses was set to 24 to detect the full number available processors on SUT.",6948934330102517456,Feb,2011,intel,xeonx5675,,12,2,24,1.0,650.0,xeon,256.0,12000.0,nehalem,95.0,True,,,False,,,False,70,202.0,70,24.0,12,2011,95.0,202.0
2404,Acer Incorporated,97,Single Node,Acer Incorporated,"Taipei, R.O.C.","Oct 8, 2010",Jun-2010,Dec-2009,"Nov 3, 2010",Single Supplier,Server,Line-powered,Acer Incorporated,"Acer AR160 F1(Intel Xeon X5670, 2.93 GHz)",1U,Intel Xeon X5670,"Six-Core, 2.93 GHz, 12 MB L3 cache",2933,"12 cores, 2 chips, 6 cores/chip",24 (2 / core),"1,2 chips",32 KB I + 32 KB D on chip per core,512 KB I+D on chip per core,12 MB I+D on chip per chip,,12.0,6 x 2048 MB,"2GB 2Rx8 PC3-10600E; slots 1A, 2A, and 3A populated on each processor",1 x 720,PWS-721P-1R,1 x 64GB SSD 2.5&quot; SATA,onboard SATA controller,1 x Dual-port Intel 82576EB Gigabit Ethernet controller,2/2/1,1000,PS2,PS2,Direct,No,,Power save enabled in OS,"Windows Server 2008, Enterprise Edition",R2,NTFS,IBM Corporation,"IBM J9 VM (build 2.4, JRE 1.6.0 IBM J9 2.4 Windows Server 2008 amd64-64 jvmwa6460sr7-20091214_49398 (JIT enabled, AOT enabled)",-Xmn1100m -Xms1500m -Xmx1500m -Xaggressive -Xcompressedrefs -Xgcpolicy:gencon -XlockReservation -Xnoloa -XtlhPrefetch -Xlp,"start /affinity [0xF, 0xF0, 0xF00,0xF000, 0xF0000, 0xF00000]",6,1500,1500,64,P06,1.01,SSJ 1.2.6,Controller,IBM Websphere Application Server V7.0 for Windows on x86-64bit,=;;;BIOS Setting:;;;Intel Turbo Boost Technology - Disabled;;;Maximum Memory Bus Frequency - 1066MHz;;;Hardware Prefetcher - Disabled;;;Adjacent Sector Prefetch - Disabled;;;DCU Prefetcher - Disabled;;;Data Reuse Prefetcher - Disabled,,";;;Each JVM instance was affinitized to four logical cores in a socket.;;;Using the local security settings console, &quot;lock pages in memory&quot; was enabled.",13459753750925519468,Jun,2010,intel,xeonx5670,,12,2,24,1.0,720.0,xeon,512.0,12000.0,nehalem,95.0,True,,,False,,,False,70,219.0,70,12.0,12,2010,95.0,219.0
3260,Fujitsu,19,Single Node,Fujitsu,"Paderborn, NRW, Germany","Sep 3, 2012",Sep-2012,Jun-2012,"Sep 19, 2012",Single Supplier,Server,Line-powered,Fujitsu,PRIMERGY RX500 S7 (Intel Xeon E5-4640),4U,Intel Xeon E5-4640,"8-Core, 2.40GHz, 20MB L3 Cache",2400,"32 cores, 4 chips, 8 cores/chip",64 (2 / core),"1, 2, 4 chips",32 KB I + 32 KB D on chip per core,256 KB I+D on chip per core,20 MB I+D on chip per chip,,48.0,12 x 4096 MB,"4 GB 2Rx8 PC3L-12800R-11, ECC; slots 1A, 1B, 1C, 1E, 1F, 1G,  1I, 1J, 1K, 1M, 1N, 1O populated",1 x 800,Fujitsu Technology Solutions S26113-E574-E10,"1 x 100GB, SSD, 2.5&quot; SATA, S26361-F5225-E100",Integrated SATA Controller,2 x Intel I350 Gigabit Network Connection (onboard),1/1/1,1000,,,,No,,Enabled (&quot;Fujitsu Enhanced Power Settings&quot; power plan),Microsoft Windows Server 2008 R2 Enterprise SP1,Version 6.1.7601 Service Pack 1 Build 7601,NTFS,IBM Corporation,"IBM J9 VM (build 2.6, JRE 1.7.0 Windows Server 2008 R2 amd64-64 20120322_106209 (JIT enabled, AOT enabled)",-Xaggressive -Xcompressedrefs -Xgcpolicy:gencon -Xmn1500m -Xms1900m -Xmx1900m -XlockReservation -Xnoloa -XtlhPrefetch -Xlp -Xconcurrentlevel0,"start /NODE [0,1,2,3] /AFFINITY [0xF,0xF0,0xF00,0xF000]",16,1900,1900,64,01.10,6.55D,SSJ 1.2.10,Controller,IBM SDK Java Technology Edition Version 7.0 for Windows x64,;;;Set &quot;Intel Turbo Boost Technology = Disabled&quot; in BIOS.;;;Set &quot;Adjacent Sector Prefetch = Disable&quot; in BIOS.;;;Set &quot;Hardware Prefetch = Disable&quot; in BIOS.;;;Set &quot;DCU Streamer Prefetch = Disable&quot; in BIOS.;;;Set &quot;DDR Performance = Low-Voltage optimized (effective memory speed = 1333 MHz)&quot; in BIOS.;;;Set &quot;USB Port Disable = Disable all external ports&quot; in BIOS.;;;Set &quot;QPI Link Speed = 6.4GT/s&quot; in BIOS.;;;Set &quot;P-State coordination = SW_ANY&quot; in BIOS.;;;Set &quot;Intel Virtualization Technology = Disable&quot; in BIOS.;;;Set &quot;Onboard LAN = LAN1&quot; in BIOS.,;;;Set &quot;PSU Redundnacy Mode = No redundancy&quot;,";;;Set &quot;Turn off hard disk after = 1 Minute&quot; in OS.;;;Using the local security settings console, &quot;lock pages in memory&quot; was enabled for the user running the benchmark.;;;Benchmark was started via Windows Remote Desktop Connection.",6103549312517824669,Sep,2012,intel,xeone5-4640,,32,4,64,1.0,800.0,xeon,256.0,20000.0,sandybridge,95.0,True,,,False,,,False,50,229.0,50,48.0,32,2012,95.0,229.0
4558,Hewlett Packard Enterprise,3,Single Node,Hewlett Packard Enterprise,"Houston, TX, USA","Oct 23, 2017",Oct-2017,Apr-2015,"Nov 8, 2017",Single Supplier,Server,Line-powered,Hewlett Packard Enterprise,ProLiant DL360 Gen10,1U,Intel Xeon Platinum 8180 2.50GHz,"28-Core, 2.50 GHz, 38.5MB L3 Cache",2500,"28 cores, 1 chip, 28 cores/chip",56 (2 / core),"1,2 chip",32 KB I + 32 KB D on chip per core,1 MB I+D on chip per core,39424 KB I+D on chip per chip,,48.0,6 x 8182 MB,"6 x 8GB 2Rx8 PC4-2666V-RE1-12 Samsung; slots 1, 3, 5, 8, 10, and 12 populated",1 x 800,DPS-800AB (865438-B21) 96%,1 x HPE Dual 150GB SATA RI uFF M.2 SSSD (880875-B21),1 x HPE Smart Array S100i SR Gen10,1 x HPE Ethernet 1Gb 2-port 332T Adapter (615732-B21),2/1/1,1000,,,,No,,Enabled (see SUT Notes),Windows Server 2012 R2 Datacenter,Version 6.3 (Build 9600),NTFS,Oracle Corporation,"Oracle Java HotSpot(TM) 64-Bit Server VM (build 24.80-b11, mixed mode), version 1.7.0_80",-server -Xmn19000m -Xms21000m -Xmx21000m -XX:SurvivorRatio=1 -XX:TargetSurvivorRatio=99 -XX:AllocatePrefetchDistance=256 -XX:AllocatePrefetchLines=4 -XX:LoopUnrollLimit=45 -XX:InitialTenuringThreshold=12 -XX:MaxTenuringThreshold=15 -XX:ParallelGCThreads=28 -XX:InlineSmallCode=3900 -XX:MaxInlineSize=270 -XX:FreqInlineSize=2500 -XX:+AggressiveOpts -XX:+UseLargePages -XX:+UseParallelOldGC,"start /NODE [0,1] /AFFINITY [0xFFFFFFF]",2,21000,21000,64,U32 v1.22 (09/29/2017),1.15 Aug 03 2017,SSJ 1.2.10,Controller,,;;;USB Control: All USB Ports Disabled;;;USB Boot Support: Disabled;;;Internal SD Card Slot: Disabled;;;SR-IOV: Disabled;;;VT-D: Disabled;;;VT-x: Disabled;;;x2APIC: Disabled;;;Memory Refresh Rate: 1x Refresh;;;Memory Patrol Scrubbing: Disabled;;;Memory Bus Frequency: 2400 MHz;;;Power Regulator: OS Control;;;Energy Performance Bias: Balanced Power;;;Turbo Boost Technology: Disabled;;;Collaborative Power Control: Disabled;;;DMI Link Frequency: Gen 1;;;Performance Monitoring Support: Disabled;;;Sub-NUMA Clustering: Enabled;;;Intel NIC DMA Channels (IOAT): Disabled;;;HW Prefetcher: Disabled;;;Adjacent Sector Prefetch: Disabled;;;DCU Stream Prefetcher: Disabled;;;DCU IP Prefetcher: Disabled;;;LLC Prefetcher: Disabled;;;XPT Prefetcher: Enabled;;;UPI Link Frequency: Min UPI Speed;;;Maximum PCI Express Speed: PCIe Generation 1.0;;;Thermal Configuration: Optimal Cooling;;;Embedded SATA Configuration: Smart Array SW RAID Support;;;Embedded SATA Controller #2: Disabled;;;AHS PCI Logging Level: Minimal Logging,See SUT Notes,";;;Using the local security settings console, &quot;lock pages in memory&quot; was enabled for the user running the benchmark.;;;Run initiated via Windows Remote Desktop Connection;;;SPECpower_ssj.props input.load_level.number_warehouses set to 56 due to a known inconsistency in processor reporting with this Java version;;;Windows Power Options = Balanced;;;PCI Express Management = Maximum Power Savings;;;Processor power management: Minimum Processor State = 0%, Maximum Processor State = 100%;;;System cooling policy = Active",6178665823674333988,Oct,2017,intel,xeonplatinum8180,,28,1,56,1.0,800.0,xeon,1000.0,39424.0,skylake,205.0,True,,False,False,,,False,30,94.6,30,48.0,28,2017,205.0,94.6
3078,Sugon,9046,Single Node,Sugon,"Beijing, CHN","May 26, 2018",Feb-2018,Jul-2017,"Aug 8, 2018",Single Supplier,Server,Line-powered,Sugon,I620-G30(Intel Xeon Platinum 8160),2U,Intel Xeon Platinum 8160,"24-Core, 2.1GHz, 33MB L3 Cache",2100,"48 cores, 2 chips, 24 cores/chip",96 (2 / core),"1,2 chips",32 KB I + 32 KB D on chip per core,1 MB I+D on chip per chip,33 MB I+D off chip per chip,,192.0,12 x 16 GB,16GB 2Rx8 PC4-2666V-R(P/N:M393A2K43CB2-CTD6Q); slots DIMM_CPU[0-1]_[A-F]0 populated,1 x 550,ARTESYN 550W PSU(P/N:CSU550AP-3-200),1 x 120GB M.2 SATA SSD(P/N:SU120GBSS3M55M28NE),Integrated SAS controller,2 x Integrated onboard  NIC,2/1/1,1000,,,,No,,Enabled (see SUT Notes),Microsoft Windows Server 2012 R2 Datacenter,Version 6.3 (Build 9600),NTFS,Oracle Corporation,"Oracle Java HotSpot(TM) 64-Bit Server VM (build 24.80-b11, mixed mode), version 1.7.0_80",-server -Xmn1300m -Xms1550m -Xmx1550m -XX:SurvivorRatio=1 -XX:TargetSurvivorRatio=99 -XX:ParallelGCThreads=2 -XX:AllocatePrefetchDistance=256 -XX:AllocatePrefetchLines=4 -XX:LoopUnrollLimit=45 -XX:InitialTenuringThreshold=12 -XX:MaxTenuringThreshold=15 -XX:InlineSmallCode=3900 -XX:MaxInlineSize=270 -XX:FreqInlineSize=2500 -XX:+AggressiveOpts -XX:+UseLargePages -XX:+UseParallelOldGC,"start /NODE [0,1,2,3] /AFFINITY [0x3,0xC,0x30,0xC0,0x300,0xC00,0x3000,0xC000,0x30000,0xC0000,0x300000,0xC00000]",48,1550,1550,64,JGS012,Ver 0.70,SSJ 1.2.10,Controller,,";;;The BIOS option of ""Sugon Performance Profile"" set as ""Energy Efficiency Mode"". When the system is running at this mode, many features are switched off in BIOS. For example, Turbo Boost Technoloy Disabled, HW Prefetcher Disabled, Ajacent Sector Prefetch Disabled, DCU Stream Prefetcher Disabled and UPI Link Frequency set at minum speed(9.6 GT/s).",;;;Fan speed set as &quot;Silient Mode&quot;,";;;Using the local security settings console, &quot;lock pages in memory&quot; was enabled for the user running the benchmark.;;;SPECpower_ssj.props input.load_level.number_warehouses set to 96 due to a known inconsistency in processor reporting with this Java version.;;;Windows Power Options=Balanced Mode;;;No: The test sponsor attests, as of date of publication, that CVE-2017-5754 (Meltdown) is mitigated in the system as tested and documented.;;;No: The test sponsor attests, as of date of publication, that CVE-2017-5753 (Spectre variant 1) is mitigated in the system as tested and documented.;;;No: The test sponsor attests, as of date of publication, that CVE-2017-5715 (Spectre variant 2) is mitigated in the system as tested and documented.",2133225124192577556,Feb,2018,intel,xeonplatinum8160,,48,2,96,1.0,550.0,xeon,1000.0,33000.0,skylake,150.0,,,,False,,,False,60,218.0,60,192.0,48,2018,150.0,218.0
763,Fujitsu,19,Single Node,Fujitsu,"Kawasaki, Kanagawa, Japan","Apr 9, 2019",Jun-2019,Dec-2018,"May 22, 2019",Single Supplier,Server,Line-powered,Fujitsu,FUJITSU Server PRIMERGY RX2530 M5,2U,Intel Xeon Platinum 8276L,"28-Core, 2.20GHz, 38.5MB L3 Cache",2200,"56 cores, 2 chips, 28 cores/chip",112 (2 / core),"1,2 chips",32 KB I + 32 KB D on chip per core,1 MB I+D on chip per core,39424 KB I+D on chip per chip,,192.0,12 x 16384 MB,"12 x 16 GB 2Rx8 PC4-2933Y-R; slots 1A, 1B, 1C, 1D, 1E, 1F, 1G, 1H, 1J, 1K, 1L, 1M populated",1 x 800,Fujitsu Technology Solutions S26113-F615-E10,"1 x SSD M. 240GB, S26361-F5706-E240",Integrated SATA Controller,2 x Intel(R) I350 Gigabit Network Connection (onboard),1/1/1,1000,,,,No,,Enabled (see SUT Notes),SUSE Linux Enterprise Server 12 SP4,4.12.14-94.41-default,xfs,Oracle Corporation,"Oracle Java HotSpot(TM) 64-Bit Server VM (build 24.80-b11, mixed mode), version 1.7.0_80",-server -Xmn1700m -Xms1950m -Xmx1950m -XX:SurvivorRatio=1 -XX:TargetSurvivorRatio=99 -XX:AllocatePrefetchDistance=256 -XX:AllocatePrefetchLines=4 -XX:LoopUnrollLimit=45 -XX:InitialTenuringThreshold=12 -XX:MaxTenuringThreshold=15 -XX:ParallelGCThreads=8 -XX:InlineSmallCode=3900 -XX:MaxInlineSize=270 -XX:FreqInlineSize=2500 -XX:+AggressiveOpts -XX:+UseLargePages -XX:+UseParallelOldGC,"chrt -r 1 taskset -c [(0,56),(1,57),(2,58),(3,59),(7,63),(8,64),(9,65),(14,70),(15,71),(16,72),(17,73),(21,77),(22,78),(23,79),(4,60),(5,61),(6,62),(10,66),(11,67),(12,68),(13,69),(18,74),(19,75),(20,76),(24,80),(25,81),(26,82),(27,83),(28,84),(29,85),(30,86),(31,87),(35,91),(36,92),(37,93),(42,98),(43,99),(44,100),(45,101),(49,105),(50,106),(51,107),(32,88),(33,89),(34,90),(38,94),(39,95),(40,96),(41,97),(46,102),(47,103),(48,104),(52,108),(53,109),(54,110),(55,111)] numactl --membind=[0-3]",56,1950,1950,64,R1.8.0,2.00c,SSJ 1.2.10,Controller,,";;;Set ""SATA Controller = Disabled"" in BIOS.;;;Set ""Serial Port = Disabled"" in BIOS.;;;Set ""Hardware Prefetcher = Disabled"" in BIOS.;;;Set ""Adjacent Cache Line Prefetch = Disabled"" in BIOS.;;;Set ""DCU Streamer Prefetcher = Disabled"" in BIOS.;;;Set ""Intel Virtualization Technology = Disabled"" in BIOS.;;;Set ""Turbo Mode = Disabled"" in BIOS.;;;Set ""Override OS Energy Performance = Enabled"" in BIOS.;;;Set ""Energy Performance = Energy Efficient"" in BIOS.;;;Set ""DDR Performance = Power balanced"" in BIOS.(effective memory frequency = 2400 MHz);;;Set ""Autonomous C-state Support = Enabled"" in BIOS.;;;Set ""ASPM Support = Auto"" in BIOS.;;;Set ""UPI Link Frequency Select = 9.6GT/s"" in BIOS.;;;Set ""Uncore Frequency Override = Power balanced"" in BIOS.;;;Set ""IMC Interleaving = 1-way"" in BIOS.;;;Set ""Package C State limit = C6(Retention)"" in BIOS.;;;Set ""HWPM = Native Mode"" in BIOS.;;;Set ""USB Port Control = Enable internal ports only"" in BIOS.;;;Set ""Network Stack = Disabled"" in BIOS.;;;Set ""LAN Controller = LAN1"" in BIOS.",,";;;SUT mainboard type is D3383-B;;;kernal parameter:pcie_aspm=force pcie_aspm.policy=powersave intel_pstate=disable rcu_nocbs=1-111 nohz=off  isolcpus=1-111;;;Benchmark started via ssh;;;modprobe cpufreq_conservative;;;cpupower frequency-set --governor conservative;;;echo -n 98 &gt; /sys/devices/system/cpu/cpufreq/conservative/up_threshold;;;echo -n 2 &gt; /sys/devices/system/cpu/cpufreq/conservative/freq_step;;;echo -n 1000000 &gt; /sys/devices/system/cpu/cpufreq/conservative/sampling_rate;;;echo -n 0 &gt /sys/devices/system/cpu/cpufreq/conservative/ignore_nice_load;;;sysctl -w kernel.sched_migration_cost_ns=6000;;;echo -n 97 &gt; /sys/devices/system/cpu/cpufreq/conservative/down_threshold;;;echo -n 1 &gt; /sys/devices/system/cpu/cpufreq/conservative/sampling_down_factor;;;sysctl -w kernel.sched_min_granularity_ns=10000000;;;echo always &gt; /sys/kernel/mm/transparent_hugepage/enabled;;;powertop --auto-tune;;;echo 0 &gt; /proc/sys/kernel/nmi_watchdog;;;sysctl -w vm.swappiness=50;;;sysctl -w vm.laptop_mode=5;;;&ltYes&gt: The test sponsor attests, as of date of publication, that CVE-2017-5754 (Meltdown) is mitigated in the system as tested and documented.;;;&ltYes&gt: The test sponsor attests, as of date of publication, that CVE-2017-5753 (Spectre variant 1) is mitigated in the system as tested and documented.;;;&ltYes&gt: The test sponsor attests, as of date of publication, that CVE-2017-5715 (Spectre variant 2) is mitigated in the system as tested and documented.",10678076516315921069,Jun,2019,intel,xeonplatinum8276l,,56,2,112,1.0,800.0,xeon,1000.0,39424.0,cascadelake,165.0,True,,,False,True,,False,90,322.0,90,192.0,56,2019,165.0,322.0
3795,Sugon,9046,Single Node,Sugon,"Beijing, Beijing, CHN","Jun 30, 2017",Jan-2015,Jan-2015,"Jul 26, 2017",Single Supplier,Server,Line-powered,Sugon,Sugon I620-G30(Intel Xeon Platinum 8180 @2.50GHz),2U,Intel Xeon Platinum 8180 @2.50 GHz,"28-Core, 2.50GHz, 38.5 MB L3 Cache",2500,"56 cores, 2 chips, 28 cores/chip",112 (2 / core),"1,2 chips",32 KB I + 32 KB D on chip per core,1 MB I+D on chip per core,39424 KB I+D on chip per chip,,192.0,12 x 16 GB,"16GB 2Rx8 PC4-2666V; slots A0, B0, C0, D0, E0 and F0 for CPU0 and CPU1 populated",1 x 800,Sugon 800W PSU(SN:33000132),1 x Intel 530 Series 80GB M.2 SATA SSD (SSDSCKGW080A4),Integrated SAS controller,2 x Integrated NIC,2/2/1,1000,,,,No,,Enabled (see SUT Notes),Windows Server 2012 R2 Standard,Version 6.3.9600 Build 9600,NTFS,Oracle,"Java HotSpot(TM) 64-Bit Server VM (build 24.80-b11, mixed mode, build 1.7.0_80-b15)",-server -Xmn1300m -Xms1550m -Xmx1550m -XX:SurvivorRatio=1 -XX:TargetSurvivorRatio=99 -XX:ParallelGCThreads=2 -XX:AllocatePrefetchDistance=256 -XX:AllocatePrefetchLines=4 -XX:LoopUnrollLimit=45 -XX:InitialTenuringThreshold=12 -XX:MaxTenuringThreshold=15 -XX:InlineSmallCode=3900 -XX:MaxInlineSize=270 -XX:FreqInlineSize=2500 -XX:+AggressiveOpts -XX:+UseLargePages -XX:+UseParallelOldGC,"start /node [0,2] /affinity [3,C,30,C0,C000,30000,C0000,30000000,C0000000,300000000,C00000000,C0000000000,300000000000,C00000000000]; start /node [1,3] /affinity [3,C,30,3000,C000,30000,C0000,30000000,C0000000,300000000,30000000000,C0000000000,300000000000,C00000000000]",56,1550,1550,64,V0.11,V0.59,SSJ 1.2.10,Controller,,none,none,";;;Each JVM instance was affinitized to a physical core.;;;Windows Power Options=Power Saver Mode;;;Turn off Display=1 Minute;;;Turn off Disk=1 Minute;;;System Cooling=Passive;;;Maximum Processor State=95%, Minimum Processor State=0%;;;Using the local security settings console, &quot;lock pages in memory&quot; was enabled for the user running the benchmark.;;;HT Technology Enabled in BIOS.",15006133369085841450,Jan,2015,intel,xeonplatinum8180,,56,2,112,1.0,800.0,xeon,1000.0,39424.0,skylake,205.0,,True,,,,,,40,192.0,40,192.0,56,2015,205.0,192.0
5925,Dell Inc.,55,Single Node,Dell Inc.,"Round Rock, TX, USA","Aug 27, 2017",Jul-2017,Apr-2015,"Sep 13, 2017",Single Supplier,Server,Line-powered,Dell Inc.,PowerEdge R740,2U,Intel Xeon Platinum 8180 2.50 GHz,"28 core, 2.50 GHz, 38.5 MB L3 Cache",2500,"56 cores, 2 chips, 28 cores/chip",112 (2 / core),"1,2 chips",32 KB I + 32 KB D on chip per core,1 MB I+D on chip per core,39424 KB I+D on chip per chip,,192.0,12 x 16 GB,"16GB 2Rx8 PC4-2666V; Dell p/n VM51C, Slots A1-6,B1-6 populated.",1 x 750,Dell p/n KNHJV,"1 x 120 GB SATA SSD, Dell p/n KX83R",Native Chipset SATA,"1 x quad-port Broadcom 5720, Dell P/N FM487",4/4/1,1000,,,,No,,Balanced power plan in OS,Microsoft Windows Server 2012 R2 Datacenter,Version 6.3.9600.17196,NTFS,Oracle Corporation,"Java HotSpot 64-Bit Server VM (build 24.80-b11, mixed mode), version 1.7.0_80",-server -Xmx1550m -Xms1550m -Xmn1300m -XX:SurvivorRatio=1 -XX:TargetSurvivorRatio=99 -XX:ParallelGCThreads=2 -XX:AllocatePrefetchDistance=256 -XX:AllocatePrefetchLines=4 -XX:LoopUnrollLimit=45 -XX:InitialTenuringThreshold=12 -XX:MaxTenuringThreshold=15 -XX:InlineSmallCode=3900 -XX:MaxInlineSize=270 -XX:FreqInlineSize=2500 -XX:+UseLargePages -XX:+UseParallelOldGC -XX:+AggressiveOpts,"start /NODE [0,2] /AFFINITY [0x3,0xC,0x30,0xC0,0xC000,0x30000,0xC0000,0x30000000,0xC0000000,0x300000000,0xC00000000,0xC0000000000,0x300000000000,0xC00000000000]; start /NODE [1,3] /AFFINITY [0x3,0xC,0x30,0x3000,0xC000,0x30000,0xC0000,0x30000000,0xC0000000,0x300000000,0x30000000000,0xC0000000000,0x300000000000,0xC00000000000]",56,1550,1550,64,1.0.7,3.00.00.00 A00,SSJ 1.2.10,Controller,none,;;;Sub NUMA Cluster enabled;;;QPI Speed set to 9.6GT/s;;;Adjacent Cache Line Prefetch disabled;;;Hardware Prefetcher disabled;;;DCU Streamer Prefetcher disabled;;;Logical Processor Idling disabled;;;System Profile set to Custom;;;CPU Power Management set to OS DBPM;;;Turbo Boost disabled;;;C1E enabled;;;C States set to Autonomous;;;Memory Patrol Scrub set to disabled;;;Memory Refresh Rate set to 1x;;;Memory Operating Voltage set to Auto;;;Energy Efficient Policy set to Energy Efficient;;;Uncore Frequency set to Dynamic;;;Monitor/Mwait enabled;;;CPU Interconnect Bus Link Power Management enabled;;;PCI ASPM L1 Link Power Management enabled ,none,";;;Each JVM instance was bound to 2 logical processors;;;Using the local security settings console, &quot;lock pages in memory&quot; was enabled for the user running the benchmark;;;Run initiated via Windows Remote Desktop Connection;;;Hard Disk set to turn off after 1 minute;;;Display set to turn off after 1 minute;;;SPECpower_ssj.props input.load_level.number_warehouses set to 112 due to a known inconsistency in processor reporting with this Java version.",13667395536167851421,Jul,2017,intel,xeonplatinum8180,,56,2,112,1.0,750.0,xeon,1000.0,39424.0,skylake,205.0,True,,,False,True,,False,10,129.0,10,192.0,56,2017,205.0,129.0
4677,"New H3C Technologies Co., Ltd.",9066,Single Node,"New H3C Technologies Co., Ltd.","Hangzhou, Zhejiang, China","Oct 9, 2021",May-2021,Jul-2021,"Nov 11, 2021",Single Supplier,Server,Line-powered,"New H3C Technologies Co., Ltd.",H3C UniServer R4900 G5,2U,Intel Xeon Platinum 8380 2.3GHz,"2.3 GHz, 40 core,  60MB L3 cache",2300,"80 cores, 2 chips, 40 cores/chip",160 (2 / core),"1,2 chips",32 KB I + 48 KB D on chip per core,1280 KB I+D on chip per chip,60 MB I+D on chip per chip,,256.0,16 x 16 GB,"16 GB 2Rx8 PC4-3200AA-RE2-12; slots 1, 3, 5, 7, 10, 12, 14, 16 populated in each Socket",1 x 850,1 X DELTA DPS-850AB-11A PN:IRHD2111000036,"1 x Intel M.2 SSD 240GB SSDSCKKB240GZ,PN:PHYK115400HH240A",Integrated SATA controller,1 x H3C 4-Port 1GE OCP3.0 Adapter,4/4/1,1000,,,,No,,Balanced Mode Enabled In OS (see SUT Notes),Windows Server 2019 Datacenter,Version 1809(OS Build 17763.1),NTFS,Oracle Corporation,"Oracle Java HotSpot(TM) 64-bit Server VM 18.9 (build 11.0.9+7-LTS,mixed mode)",set JAVAOPTIONS_SSJ=-server -Xmn1700m -Xms1950m -Xmx1950m -XX:SurvivorRatio=1 -XX:TargetSurvivorRatio=99 -XX:ParallelGCThreads=2 -XX:AllocatePrefetchDistance=256 -XX:AllocatePrefetchLines=4 -XX:LoopUnrollLimit=45 -XX:InitialTenuringThreshold=12 -XX:MaxTenuringThreshold=15 -XX:InlineSmallCode=3900 -XX:MaxInlineSize=270 -XX:FreqInlineSize=2500 -XX:+UseLargePages -XX:+UseParallelOldGC -XX:UseAVX=1 -XX:-UseAdaptiveSizePolicy -XX:-ThreadLocalHandshakes,"start /node [0,1,2,3] /affinity [3,C,30,C0,300,C00,3000,C000,30000,C0000,300000,C00000,3000000,C000000,30000000,C0000000,300000000,C00000000,3000000000,C000000000]",80,1950,1950,64,5.30.00,2.60.00,SSJ 1.2.10,Controller,Microsoft Windows KB4072698,;;;Degrade Precedence: Feature Precedence;;;UPI Link Frequency Select: 9.6GT/s;;;Patrol Scrub: Disabled;;;Hardware Prefetcher: Disabled;;;Adjacent Cache Prefetch: Disabled;;;DCU Streamer Prefetcher: Disabled;;;Memory Frequency: 2400;;;Turbo Mode: Disabled;;;CPU C6 Report: Enabled;;;Package C State: C6(non Retention state);;;SNC (Sub NUMA): Enable SNC2(2-clusters);;;,none,";;;Each JVM instance was bound to 2 logical processors;;;Using the local security settings console, &quot;lock pages in memory &quot; was enabled for the user running the benchmark;;;Benchmark was started via Windows Remote Desktop Connection;;;Hard Disk set to turn off after 1 minute;;;Display set to turn off after 1 minute;;;Minimum processor state set to 0%;;;Maximum processor state set to 100%;;;Yes: The test sponsor attests, as of date of publication, that CVE-2017-5754 (Meltdown) is mitigated in the system as tested and documented.;;;Yes: The test sponsor attests, as of date of publication, that CVE-2017-5753 (Spectre variant 1) is mitigated in the system as tested and documented.;;;Yes: The test sponsor attests, as of date of publication, that CVE-2017-5715 (Spectre variant 2) is mitigated in the system as tested and documented.",11219937513258377107,May,2021,intel,xeonplatinum8380,,80,2,160,1.0,850.0,xeon,1280.0,60000.0,icelake,270.0,True,,,False,True,,False,30,242.0,30,256.0,80,2021,270.0,242.0
3715,"Huawei Technologies Co., Ltd",3175,Single Node,"Huawei Technologies Co., Ltd","Shenzhen, Guangdong, China","Feb 23, 2012",Mar-2012,Dec-2011,"Mar 28, 2012",Single Supplier,Server,Line-powered,"Huawei Technologies Co., Ltd",RH2288 V2,2U,Intel Xeon E5-2660,"8-Core, 2.20 GHz, 20 MB L3 Cache (Turbo Boost Technology up to 3.0 GHz)",2200,"16 cores, 2 chips, 8 cores/chip",32 (2 / core),"1,2 chips",32 KB I + 32 KB D on chip per core,256 KB I+D on chip per core,20 MB I+D on chip per chip,,32.0,8 x 4 GB,4GB 2Rx8 PC3L-10600E ECC,1 x 460,Huawei P/N PW98080438,"1 x 160GB SSD 2.5&quot; SATA, Huawei P/N 02310KSX",Integrated SATA controller,1 x Dual-port Intel 82580 Gigabit Ethernet controller,2/2/1,1000,,,,No,,Power Saver enabled in OS,"Windows Server 2008 R2, Enterprise Edition",R2,NTFS,IBM Corporation,"IBM J9 VM (build 2.4, JRE 1.6.0 IBM J9 2.4 Windows Server 2008 amd64-64 jvmwa6460sr6-20090923_42924 (JIT enabled, AOT enabled)",-Xaggressive -Xcompressedrefs -Xgcpolicy:gencon -Xmn1706m -Xms2048m -Xmx2048m -XlockReservation -Xnoloa -XtlhPrefetch -Xlp,"start /affinity [f,f0,f00,f000,f0000,f00000,f000000,f0000000]",8,2048,2048,64,V009,3.00,SSJ 1.2.9,Controller,IBM Websphere application server V7.0 for Windows on X86-64bit,;;;Hardware prefetcher -disabled.;;;Adjacent Cache Line Prefetch -disabled.;;;Turbo Boost enabled.;;;Memory Frequency Limit -1333MHz,none,";;;The test was started via Remote Desktop.;;;Minimum Processor State: 0%.;;;Maximum Processor State: 100%.;;;Turn off hard disk after 1 minute .;;;Each JVM instance was affinitized to four logical processors.;;;Using the local security settings console, &quot;lock pages in memory&quot; was enabled for the user running the benchmark.",12393898578265695695,Mar,2012,intel,xeone5-2660,,16,2,32,1.0,460.0,xeon,256.0,20000.0,sandybridge,95.0,True,,,False,,,False,40,120.0,40,32.0,16,2012,95.0,120.0
5564,Hewlett-Packard Company,3,Single Node,Hewlett-Packard Company,"Houston, TX, USA","Mar 29, 2010",Jun-2010,Sep-2009,"Apr 21, 2010",Single Supplier,Server,Line-powered,Hewlett-Packard Company,"ProLiant DL380 G6 (2.93 GHz, Intel Xeon X5670 processor)",2U,Intel Xeon X5670,"Six-Core, 2.93 GHz, 12 MB L3 cache",2933,"12 cores, 2 chips, 6 cores/chip",24 (2 / core),"1,2 chips",32 KB I + 32 KB D on chip per core,256 KB I+D on chip per core,12 MB I+D on chip per chip,,16.0,4 x 4096 MB,4GB 2Rx8 PC3-10600E; slots 3 and 6 populated on each processor,1 x 460,HP part #: 503296-B21,"1 x 60GB SSD 2.5&quot; SATA, HP part #:572071-B21",HP Smart Array P410i,2 x NC382i Dual Port Multifunction Gigabit Server Adapters,4/1/1,1000,,,,No,,Power saver enabled in OS,"Windows Server 2008, Enterprise Edition",R2,NTFS,IBM Corporation,"IBM J9 VM (build 2.4, J2RE 1.6.0 IBM J9 2.4 Windows Server 2008 amd64-64 jvmwa660sr5-20090519_35743 (JIT enabled, AOT enabled)",-Xaggressive -Xcompressedrefs -Xgcpolicy:gencon -Xmn1500m -Xms1875m -Xmx1875m -XlockReservation -Xnoloa -XtlhPrefetch -Xlp,"Used &quot;start /AFFINITY [0xF, 0xF0, 0xF00, 0xF000, 0xF0000, 0xF00000]",6,1875,1875,64,P64 03/01/2010,2.00  12/17/2009,SSJ 1.2.6,Controller,none,See SUT notes,Persistent Keyboard and Mouse Disabled,";;;Each JVM instance was affinitized to four logical cores in a socket.;;;Using the local security settings console, &quot;lock pages in memory&quot; was enabled for the user running the benchmark.;;;Turn off Hard Disks after 1 minute;;;Run was started via Remote Desktop;;;BIOS Settings;;;Intel Turbo Boost Technology - Disabled;;;Maximum Memory Bus Frequency - 1066MHz;;;Dynamic Power Savings Mode Response - Slow;;;Collaborative Power Control - Disabled;;;Hardware Prefetcher - Disabled;;;Adjacent Sector Prefetch - Disabled;;;DCU Prefetcher - Disabled;;;Data Reuse Prefetcher - Disabled",15575529056206802254,Jun,2010,intel,xeonx5670,,12,2,24,1.0,460.0,xeon,256.0,12000.0,nehalem,95.0,,,,False,,,False,20,125.0,20,16.0,12,2010,95.0,125.0
1056,Fujitsu,19,Single Node,Fujitsu,"Paderborn, NRW, Germany","Dec 12, 2015",Feb-2016,Jan-2015,"Jan 7, 2016",Single Supplier,Server,Line-powered,Fujitsu,FUJITSU Server PRIMERGY TX1330 M2,Tower,Intel Xeon E3-1240L v5,"4-Core, 2.10GHz, 8MB L3 Cache (Turbo Boost Technology up to 3.20 GHz)",2100,"4 cores, 1 chip, 4 cores/chip",8 (2 / core),1 chip,32 KB I + 32 KB D on chip per core,256 KB I+D on chip per core,8 MB I+D on chip per chip,,16.0,2 x 8192 MB,"8 GB DDR4, unbuffered, ECC, 2133 MHz, PC4-2133U, DIMM, 2Rx8; slots 1A, 1B populated",1 x 300,Standard power supply part of base unit S26361-K1552-V101,"1 x SSD SATA 6G 64GB DOM N H-P, S26361-F5522-E64",Integrated SATA Controller,2 x Intel I210 Gigabit Network Connection (onboard),1/1/1,1000,,,,No,,Enabled (&quot;Fujitsu Enhanced Power Settings&quot; power plan),Microsoft Windows Server 2012 R2 Standard,Version 6.3.9600 Build 9600,NTFS,Oracle Corporation,"Oracle Java HotSpot(TM) 64-Bit Server VM (build 24.80-b11, mixed mode), version 1.7.0_80",-server -Xmn10g -Xms12g -Xmx12g -XX:SurvivorRatio=60 -XX:TargetSurvivorRatio=90 -XX:AllocatePrefetchDistance=256 -XX:AllocatePrefetchLines=4 -XX:LoopUnrollLimit=45 -XX:InitialTenuringThreshold=12 -XX:MaxTenuringThreshold=15 -XX:ParallelGCThreads=8 -XX:InlineSmallCode=3900 -XX:MaxInlineSize=270 -XX:FreqInlineSize=2500 -XX:+AggressiveOpts -XX:+UseLargePages -XX:+UseParallelOldGC -XX:-UseAdaptiveSizePolicy,,1,12000,12000,64,R1.6.0,8.10F,SSJ 1.2.10,Controller,,;;;Set &quot;Hardware Prefetcher = Disabled&quot; in BIOS.;;;Set &quot;Adjacent Cache Line Prefetch = Disabled&quot; in BIOS.;;;Set &quot;DCU Streamer Prefetcher = Disabled&quot; in BIOS.;;;Set &quot;ASPM Support = Auto&quot; in BIOS.;;;Set &quot;DMI Control = Gen1&quot; in BIOS.;;;Set &quot;Intel Virtualization Technology = Disabled&quot; in BIOS.;;;Set &quot;LAN 2 Controller = Disabled&quot; in BIOS.,,";;;Set &quot;Turn off hard disk after = 1 Minute&quot; in OS.;;;Using the local security settings console, &quot;lock pages in memory&quot; was enabled for the user running the benchmark.;;;Benchmark was started via Windows Remote Desktop Connection.",3897621948668396830,Feb,2016,intel,xeone3-1240lv5,,4,1,8,1.0,300.0,xeon,256.0,8000.0,skylake,25.0,,,,,,,False,90,43.9,90,16.0,4,2016,25.0,43.9
681,Hewlett-Packard Company,3,Single Node,Hewlett-Packard Company,"Houston, TX, USA","Jul 20, 2010",Sep-2010,Sep-2009,"Aug 11, 2010",Single Supplier,Server,Line-powered,Hewlett-Packard Company,"ProLiant DL380 G7 (2.26 GHz, Intel Xeon L5640 processor)",2U,Intel Xeon L5640,"6 Core, 2.26 GHz, 12 MB L3 Cache",2266,"12 cores, 2 chips, 6 cores/chip",24 (2 / core),"1,2 chips",32 KB I + 32 KB D on chip per core,256 KB I+D on chip per core,12 MB I+D on chip per chip,,16.0,4 x 4096 MB,4GB 2Rx8 PC3L-10600E; slots 3 and 6 populated on each processor,1 x 460,HP part # 593188-B21,"1 x 120 GB SFF SSD SATA, HP part #572073-B21",Integrated SATA controller,2 x Embedded HP NC382i dual-port gigabit server adapter,2/2/1,1000,,,,No,"HP Chipset SATA Cable Kit, HP part #627121-B21",Power saver enabled in OS,"Windows Server 2008, Enterprise Edition",R2,NTFS,IBM Corporation,"IBM J9 VM (build 2.4, J2RE 1.6.0 IBM J9 2.4 Windows Server 2008 amd64-64 jvmwa6460sr5-20090519_35743 (JIT enabled, AOT enabled))",java -Xaggressive -Xcompressedrefs -Xgcpolicy:gencon -Xmn1500m -Xms1875m -Xmx1875m -XlockReservation -Xnoloa -XtlhPrefetch -Xlp,"start /affinity [0F,F0,F00,F000,F0000,F00000]",6,1875,1875,64,P68 5/15/2010,1.0,SSJ 1.2.6,Controller,,See SUT Notes,Persistant Keyboard and Mouse Disabled,";;;Each JVM instance was affinitized to four logical cores in a socket.;;;Using the local security settings console, &quot;lock pages in memory&quot; was enabled for the user running the benchmark.;;;Run was started via Remote Desktop;;;BIOS Settings:;;;Intel Turbo Boost Technology - Disabled;;;Maximum Memory Bus Frequency - 1066MHz;;;Dynamic Power Savings Mode Response - Slow;;;Collaborative Power Control - Disabled;;;HP Smart Array P410i Controller - Disabled;;;Hardware Prefetcher - Disabled;;;Adjacent Sector Prefetch - Disabled;;;DCU Prefetcher - Disabled;;;Data Reuse Prefetcher- Disabled",16318582287620987011,Sep,2010,intel,xeonl5640,,12,2,24,1.0,460.0,xeon,256.0,12000.0,nehalem,60.0,,,,False,,,False,90,160.0,90,16.0,12,2010,60.0,160.0
169,"Huawei Technologies Co., Ltd",3175,Single Node,"Huawei Technologies Co., Ltd","Shenzhen, Guangdong, China","Jun 11, 2012",Jun-2012,Dec-2011,"Jun 28, 2012",Single Supplier,Server,Line-powered,"Huawei Technologies Co., Ltd",RH2485 V2,2U,Intel Xeon E5-4640,"8-Core, 2.40 GHz, 20 MB L3 Cache (Turbo Boost Technology up to 2.80 GHz)",2400,"32 cores, 4 chips, 8 cores/chip",64 (2 / core),"1,2,3,4 chips",32 KB I + 32 KB D on chip per core,256 KB I+D on chip per core,20 MB I+D on chip per chip,,48.0,12 x 4 GB,4GB 2Rx8 PC3L-10600R ECC,1 x 750,Huawei P/N 98080310,"1 x 160GB SSD 2.5&quot; SATA, Huawei P/N 02310KSX",Integrated SATA controller,1 x Dual-port Intel 82580 Gigabit Ethernet controller,2/2/1,1000,,,,No,,Power Saver enabled in OS,Microsoft Windows Server 2008 Enterprise x64 Edition,R2 SP1,NTFS,Oracle Corporation,"Oracle Java HotSpot(TM) 64-Bit Server VM on Windows, version 1.6.0_30",-server -Xmx1600m -Xms1600m -Xmn1200m -XX:ParallelGCThreads=2 -XX:SurvivorRatio=60 -XX:TargetSurvivorRatio=90 -XX:InlineSmallCode=3900 -XX:MaxInlineSize=270 -XX:FreqInlineSize=2500 -XX:AllocatePrefetchDistance=256 -XX:AllocatePrefetchLines=4 -XX:InitialTenuringThreshold=12 -XX:MaxTenuringThreshold=15 -XX:LoopUnrollLimit=45 -XX:+UseCompressedStrings -XX:+AggressiveOpts -XX:+UseLargePages -XX:+UseParallelOldGC,"start /affinity [0xF,0xF0,0xF00,0xF000,0xF0000,0xF00000,0xF000000,0xF0000000,0xF00000000,0xF000000000,0xF0000000000,0xF00000000000,0xF000000000000,0xF0000000000000,0xF00000000000000,0xF000000000000000]",16,1600,1600,64,V023,3.00,SSJ 1.2.9,Controller,,;;;Hardware prefetcher -disabled.;;;Adjacent Cache Line Prefetch -disabled.;;;DCU Streamer Prefetcher -disabled.;;;Intel HT Technology -enabled.;;;Turbo mode -enabled.;;;C-state -enabled.;;;Power Mode -Efficiency.;;;QPI Link  Speed -6.4GT/s.;;;Memory Frequency Limit -1333MHz.;;;Demand Scrubbing -disabled.;;;USB configuration EHCI 2 -disabled.,none,";;;The test was started via Remote Desktop.;;;Minimum Processor State: 0%.;;;Maximum Processor State: 100%.;;;Turn off hard disk after 1 minute .;;;Each JVM instance was affinitized to four logical processors.;;;Using the local security settings console, &quot;lock pages in memory&quot; was enabled for the user running the benchmark.",8921546586854806100,Jun,2012,intel,xeone5-4640,,32,4,64,1.0,750.0,xeon,256.0,20000.0,sandybridge,95.0,True,True,,,True,,False,100,428.0,100,48.0,32,2012,95.0,428.0
239,Acer Incorporated,97,Single Node,Acer Incorporated,"Taipei, R.O.C.","Oct 26, 2010",Aug-2010,Dec-2009,"Nov 18, 2010",Single Supplier,Server,Line-powered,Acer Incorporated,Gateway GR585 F1,2U,AMD Opteron 6174,"12-Core, 2.20 GHz, 12 MB L3 cache",2200,"48 cores, 4 chips, 12 cores/chip",48 (1 / core),"2,4 chips",64 KB I + 64 KB D on chip per core,512 KB I+D on chip per core,"12 MB I+D on chip per chip, 6 MB shared / 6 cores",,32.0,16 x 2048 MB,"2GB 1Rx8 PC3-10600E; slots 1A, 2A, 3A and 4A populated on each processor",1 x 1400,PWS-1K41F-1R,"1 x 64GB SSD 2.5&quot; SATA, Acer P/N:KF.0640N.001",onboard SATA controller,1 x dual-port Intel 82576EB Gigabit Ethernet controller,2/2/1,1000,PS2,PS2,Direct,No,,Power save enabled in OS,"Windows Server 2008, Enterprise Edition",R2,NTFS,IBM Corporation,"IBM J9 VM (build 2.4, JRE 1.6.0 IBM J9 2.4 Windows Server 2008 amd64-64 jvmwa6460sr7-20091214_49398 (JIT enabled, AOT enabled)",-Xmn1400m -Xms1875m -Xmx1875m -Xaggressive -Xcompressedrefs -Xgcpolicy:gencon -XlockReservation -Xnoloa -XtlhPrefetch -Xlp,"start /affinity [3F,FC0,3F000,FC0000,3F000000,FC0000000,3F000000000,FC0000000000]",8,1875,1875,64,T01,1.00,SSJ 1.2.6,Controller,IBM Websphere Application Server V7.0 for Windows on x86-64bit,;;;BIOS Setting:;;;Load Optimal Defaults;;;Fan Speed Control Modes: Energy Saving /ES,,";;;Each JVM instance was affinitized to 6 cores in a socket.;;;Using the local security settings console, &quot;lock pages in memory&quot; was enabled.",5843429510956176151,Aug,2010,amd,opteron6174,,48,4,48,1.0,1400.0,opteron,512.0,12000.0,opteron,115.0,,,,,,,,100,518.0,100,32.0,48,2010,115.0,518.0
4669,Dell Inc.,55,Single Node,Dell Inc.,"Round Rock, TX, USA","Apr 30, 2016",Mar-2016,Apr-2015,"May 25, 2016",Single Supplier,Server,Line-powered,Dell Inc.,PowerEdge R630 (Intel Xeon E5-2699 v4 2.20 GHz),1U,Intel Xeon E5-2699 v4 2.20 GHz,"22 core, 2.20 GHz, 55 MB L3 Cache",2200,"44 cores, 2 chips, 22 cores/chip",88 (2 / core),"1,2 chips",32 KB I + 32 KB D on chip per core,256 KB I+D on chip per core,55 MB I+D on chip per chip,,128.0,8 x 16 GB,"16GB 2Rx8 PC4-2400T ECC; Dell p/n HNDJ7, Slots A1-4,B1-4 populated.",1 x 750,Dell p/n KNHJV,"1 x 120 GB SATA SSD, Dell p/n KX83R",Native Chipset SATA,"1 x quad-port Broadcom 5720, Dell P/N FM487",4/4/1,1000,,,,No,,Power saver power plan in OS,Microsoft Windows Server 2012 R2 Datacenter,Version 6.3.9600.17196,NTFS,Oracle Corporation,"Java HotSpot 64-Bit Server VM (build 24.80-b11, mixed mode), version 1.7.0_80",-server -Xmx13g -Xms13g -Xmn11g -XX:SurvivorRatio=1 -XX:TargetSurvivorRatio=99 -XX:ParallelGCThreads=22 -XX:AllocatePrefetchDistance=256 -XX:AllocatePrefetchLines=4 -XX:LoopUnrollLimit=45 -XX:InitialTenuringThreshold=12 -XX:MaxTenuringThreshold=15 -XX:InlineSmallCode=9000 -XX:MaxInlineSize=270 -XX:FreqInlineSize=6000 -XX:+UseLargePages -XX:+UseParallelOldGC -XX:+AggressiveOpts -XX:+OptimizeStringConcat -XX:+UseStringCache,"start /NODE [0,1,2,3] /AFFINITY [0x3FFFFF]",4,13000,13000,64,2.1.4,2.30.30.30,SSJ 1.2.10,Controller,none,;;;Cluster on Die Snoop mode;;;QPI Speed set to 6.4GT/s;;;Adjacent Cache Line Prefetch disabled;;;Hardware Prefetcher disabled;;;DCU Streamer Prefetcher disabled;;;Logical Processor Idling disabling;;;System Profile set to Custom;;;CPU Power Management set to System DBPM (DAPC);;;Turbo Boost disabled;;;C1E enabled;;;C States set to Autonomous;;;Memory DDR Freq Limit set to 1866MHz;;;Memory Patrol Scrub set to disabled;;;Memory Refresh Rate set to 1x;;;Memory Operating Voltage set to Auto;;;Collaborative CPU Performance Control disabled;;;Energy Efficient Policy set to Energy Efficient;;;Uncore Frequency set to Dynamic;;;Monitor/Mwait enabled,;;;290W User Defined Power Cap Policy,";;;Each JVM instance was bound to 22 logical processors;;;Using the local security settings console, &quot;lock pages in memory&quot; was enabled for the user running the benchmark;;;Run initiated via Windows Remote Desktop Connection;;;Hard Disk set to turn off after 1 minute;;;Display set to turn off after 1 minute;;;Power Saver Power Plan Minimum processor state set to 0%;;;Maximum processor state set to 100%;;;SPECpower_ssj.props input.load_level.number_warehouses set to 88 due to a known inconsistency in processor reporting with this Java version.;;;BIOS.SysProfileSettings.PowerSaver enabled via racadm",15199490379742341324,Mar,2016,intel,xeone5-2699v4,,44,2,88,1.0,750.0,xeon,256.0,55000.0,broadwell,145.0,True,,,False,True,,False,30,124.0,30,128.0,44,2016,145.0,124.0
2168,NEC Corporation,9006,Single Node,NEC Corporation,"Fuchu, Tokyo, Japan","Feb 2, 2011",Feb-2011,Sep-2010,"Feb 24, 2011",Single Supplier,Server,Line-powered,NEC Corporation,Express5800/R120b-2,2U,Intel Xeon X5675,"Hexa-Core, 3.06 GHz, 12 MB L3 Cache",3066,"12 cores, 2 chips, 6 cores/chip",24 (2 / core),"1,2 chips",32 KB I + 32 KB D on chip per core,256 KB I+D on chip per core,12 MB I+D on chip per chip,,24.0,6 x 4096 MB,"4GB 2Rx4 PC3L-10600R ECC CL9; slots CPU1_DIMM1, CPU1_DIMM2, CPU1_DIMM3, CPU2_DIMM1, CPU2_DIMM2 and CPU2_DIMM3 populated",1 x 750,Delta DPS-750VB A,"1 x 50GB SSD SATA, NEC P/N:N8150-702",Integrated SATA controller,1 x Integrated Intel 82576 Gigabit Dual Port Ethernet Controller,2/1/1,1000,,,,No,,Power saver,Microsoft Windows Server 2008 Enterprise x64 Edition,SP2,NTFS,Oracle Corporation,"Oracle Java HotSpot(TM) 64-Bit Server VM on Windows, version 1.6.0_21 Performance Release",-Xms1650m -Xmx1650m -Xmn1450m -XX:+AggressiveOpts -XX:+UseBiasedLocking -XX:+UseStringCache -XX:+OptimizeStringConcat -XX:+UseCompressedStrings -XX:+UseParallelOldGC -XX:ParallelGCThreads=2 -XX:+UseLargePages -XX:LargePageSizeInBytes=2m -XX:+UseCompressedOops -XX:+AlwaysPreTouch -XX:AllocatePrefetchDistance=192 -XX:AllocatePrefetchLines=4 -XX:SurvivorRatio=50 -XX:TargetSurvivorRatio=90 -XX:InlineSmallCode=5500 -XX:MaxInlineSize=220 -XX:FreqInlineSize=2500 -XX:LoopUnrollLimit=45 -XX:InitialTenuringThreshold=12 -XX:MaxTenuringThreshold=15,"start /affinity [3,C,30,C0,300,C00,3000,C000,30000,C0000,300000,C00000]",12,1650,1650,64,4.6.2C18,1.28,SSJ 1.2.6,Controller,,;;;Turbo Boost was disabled in BIOS.;;;Server Class was set to Custom in BIOS.;;;Hardware Prefetcher was disabled in BIOS.;;;Adjacent Cache Line Prefetch was disabled in BIOS.;;;L1 Data Prefetcher was disabled in BIOS.;;;Data Reuse Optimization was disabled in BIOS.;;;Memory Frequency was set to 1067MHz in BIOS.;;;QPI Frequency was set to 4.800 GT/s in BIOS.,,";;;Each JVM instance was affinitized to two threads in a socket.;;;Using the local security settings console, &quot;lock pages in memory&quot; was enabled for the user running the benchmark.;;;Processor power management Minimum processor state was set to 0% in OS.;;;Processor power management Maximum processor state was set to 100% in OS.;;;Run was started via Remote Desktop Connection.;;;input.load_level.number_warehouses was set to 24 to detect the full number available processors on SUT.",15830232035962086069,Feb,2011,intel,xeonx5675,,12,2,24,1.0,750.0,xeon,256.0,12000.0,nehalem,95.0,True,,,False,,,False,70,197.0,70,24.0,12,2011,95.0,197.0
1669,Acer Incorporated,97,Single Node,Acer Incorporated,"Taipei, R.O.C.","Jun 6, 2013",Apr-2013,Mar-2013,"Jun 26, 2013",Single Supplier,Server,Line-powered,Acer Incorporated,Altos R380 F2,2U,Intel Xeon E5-2650,"8 core, 2.00 GHz, 20MB L3 Cache (Intel Turbo Boost Technology up to 2.80 GHz)",2200,"16 cores, 2 chips, 8 cores/chip",32 (2 / core),"1,2 chips",32 KB I + 32 KB D on chip per chip,256 KB I+D on chip per chip,20 MB I+D on chip per chip,,24.0,6 x 4096 MB,"4GB 2Rx4 PC3L-10600E; slots A1, B1, C1, E1, F1 and G1 are populated",1 x 460,Acer P/N SC.46017.001,"1 x 160GB SATA 2.5&quot; SSD, Acer part KN.1600N.001",onboard SCU controller,4 x Intel I350 dual-port Gigabit Ethernet controller,1/1/1,1000,,,,No,,Power saver enabled in OS,"Windows Server 2008, Enterprise Edition",R2 SP1,NTFS,IBM Corporation,"IBM J9 VM (build 2.6, JRE 1.7.0 Windows Server 2008 R2 amd64-64 20120322_106209 JIT enabled, AOT enabled)",-Xaggressive -Xcompressedrefs -Xmx1600m -Xms1600m -Xmn1200m -XlockReservation -Xnoloa -XtlhPrefetch -Xlp -Xconcurrentlevel0,"start /affinity [0F,F0,F00,F000,F0000,F00000,F000000,F0000000]",8,1600,1600,64,01.06.0002,1.17.4010,SSJ 1.2.10,Controller,IBM SDK Java Technology Edition Version 7.0 for Windows x64,;;;BIOS Setting:;;;Load Optimal Defaults;;;Quiet Fan Idle Mode: Enabled;;;DCU Data Prefetcher: Disabled;;;MLC Streamer: Disabled;;;MLC Spatial Prefetcher: Disabled,,;;;Each JVM instance was affinitized to four logical processors.;;;Turn off hard disk after 1 minute;;;&quot;lock pages in memory&quot; was enabled;;;Turn off display after 1 minute;;;Processor power management maximum 100%;;; Processor power management minimum 0%;;;Start the test through Windows Remote Desktop connection,5070303460731172637,Apr,2013,intel,xeone5-2650,,16,2,32,1.0,460.0,xeon,256.0,20000.0,sandybridge,95.0,,,,,,,False,80,162.0,80,24.0,16,2013,95.0,162.0
6173,Sugon,9046,Single Node,Sugon,"Beijing, CHN","May 26, 2018",Feb-2018,Jul-2017,"Aug 8, 2018",Single Supplier,Server,Line-powered,Sugon,I620-G30(Intel Xeon Platinum 8160),2U,Intel Xeon Platinum 8160,"24-Core, 2.1GHz, 33MB L3 Cache",2100,"48 cores, 2 chips, 24 cores/chip",96 (2 / core),"1,2 chips",32 KB I + 32 KB D on chip per core,1 MB I+D on chip per chip,33 MB I+D off chip per chip,,192.0,12 x 16 GB,16GB 2Rx8 PC4-2666V-R(P/N:M393A2K43CB2-CTD6Q); slots DIMM_CPU[0-1]_[A-F]0 populated,1 x 550,ARTESYN 550W PSU(P/N:CSU550AP-3-200),1 x 120GB M.2 SATA SSD(P/N:SU120GBSS3M55M28NE),Integrated SAS controller,2 x Integrated onboard  NIC,2/1/1,1000,,,,No,,Enabled (see SUT Notes),Microsoft Windows Server 2012 R2 Datacenter,Version 6.3 (Build 9600),NTFS,Oracle Corporation,"Oracle Java HotSpot(TM) 64-Bit Server VM (build 24.80-b11, mixed mode), version 1.7.0_80",-server -Xmn1300m -Xms1550m -Xmx1550m -XX:SurvivorRatio=1 -XX:TargetSurvivorRatio=99 -XX:ParallelGCThreads=2 -XX:AllocatePrefetchDistance=256 -XX:AllocatePrefetchLines=4 -XX:LoopUnrollLimit=45 -XX:InitialTenuringThreshold=12 -XX:MaxTenuringThreshold=15 -XX:InlineSmallCode=3900 -XX:MaxInlineSize=270 -XX:FreqInlineSize=2500 -XX:+AggressiveOpts -XX:+UseLargePages -XX:+UseParallelOldGC,"start /NODE [0,1,2,3] /AFFINITY [0x3,0xC,0x30,0xC0,0x300,0xC00,0x3000,0xC000,0x30000,0xC0000,0x300000,0xC00000]",48,1550,1550,64,JGS012,Ver 0.70,SSJ 1.2.10,Controller,,";;;The BIOS option of ""Sugon Performance Profile"" set as ""Energy Efficiency Mode"". When the system is running at this mode, many features are switched off in BIOS. For example, Turbo Boost Technoloy Disabled, HW Prefetcher Disabled, Ajacent Sector Prefetch Disabled, DCU Stream Prefetcher Disabled and UPI Link Frequency set at minum speed(9.6 GT/s).",;;;Fan speed set as &quot;Silient Mode&quot;,";;;Using the local security settings console, &quot;lock pages in memory&quot; was enabled for the user running the benchmark.;;;SPECpower_ssj.props input.load_level.number_warehouses set to 96 due to a known inconsistency in processor reporting with this Java version.;;;Windows Power Options=Balanced Mode;;;No: The test sponsor attests, as of date of publication, that CVE-2017-5754 (Meltdown) is mitigated in the system as tested and documented.;;;No: The test sponsor attests, as of date of publication, that CVE-2017-5753 (Spectre variant 1) is mitigated in the system as tested and documented.;;;No: The test sponsor attests, as of date of publication, that CVE-2017-5715 (Spectre variant 2) is mitigated in the system as tested and documented.",2133225124192577556,Feb,2018,intel,xeonplatinum8160,,48,2,96,1.0,550.0,xeon,1000.0,33000.0,skylake,150.0,,,,False,,,False,10,121.0,10,192.0,48,2018,150.0,121.0
132,Fujitsu,19,Single Node,Fujitsu,"Paderborn, NRW, Germany","May 23, 2011",Jun-2011,Apr-2011,"Jun 16, 2011",Single Supplier,Server,Line-powered,Fujitsu,PRIMERGY TX120 S3 (Intel Xeon E3-1260L),Tower,Intel Xeon E3-1260L,"Quad-Core, 2.40GHz, 8MB L3 Cache",2400,"4 cores, 1 chip, 4 cores/chip",8 (2 / core),1 chip,32 KB I + 32 KB D on chip per core,256 KB I+D on chip per core,8 MB I+D on chip per chip,,8.0,2 x 4096 MB,"4GB 2Rx8 PC3L-10600E ECC CL9; slots 1A, 1B populated",1 x 250,Fujitsu Technology Solutions S26113-E565-V70-01,"1 x Intel 64GB, SSD, 2.5&quot; SATA (Fujitsu S26361-F3298-E64)",Integrated SATA Controller,1 x Intel 82574L and 1 x Intel 82579LM Gigabit Network Connection (onboard),1/1/1,1000,,,,No,,Enabled (&quot;Fujitsu Enhanced Power Settings&quot; power plan),Microsoft Windows Server 2008 R2 Enterprise with SP1,Version 6.1.7601 Service Pack 1 Build 7601,NTFS,Oracle Corporation,"Oracle Java HotSpot(TM) 64-Bit Server VM on Windows, version 1.6.0_25",-server -Xmx6g -Xms6g -Xmn5g -XX:SurvivorRatio=55 -XX:TargetSurvivorRatio=90 -XX:ParallelGCThreads=8 -XX:AllocatePrefetchDistance=256 -XX:AllocatePrefetchLines=4 -XX:LoopUnrollLimit=45 -XX:InitialTenuringThreshold=12 -XX:MaxTenuringThreshold=15 -XX:InlineSmallCode=3900 -XX:MaxInlineSize=270 -XX:FreqInlineSize=2500 -XX:+UseLargePages -XX:+UseParallelOldGC -XX:+UseCompressedStrings -XX:+AggressiveOpts,,1,6144,6144,64,1.2,6.19A,SSJ 1.2.6,Controller,,;;;Set &quot;Intel Turbo Boost Technology = Disabled&quot; in BIOS.;;;Set &quot;SATA Mode = AHCI Mode&quot; in BIOS.;;;Set &quot;Adjacent Sector Prefetch = Disabled&quot; in BIOS.;;;Set &quot;Hardware Prefetch = Disabled&quot; in BIOS.;;;Set &quot;DCU Streamer Prefetch = Disabled&quot; in BIOS.;;;Set &quot;USB Host Controller = Disabled&quot; in BIOS.,,";;;Set &quot;System Idle Power Saver = Enabled&quot; in LAN configuration.;;;Set &quot;Turn off hard disk after = 1 Minute&quot; in OS.;;;Using the local security settings console, &quot;lock pages in memory&quot; was enabled for the user running the benchmark.;;;Benchmark was started via Windows Remote Desktop Connection.",6300500835400644513,Jun,2011,intel,xeone3-1260l,,4,1,8,1.0,250.0,xeon,256.0,8000.0,sandybridge,45.0,,,,False,,,False,100,54.0,100,8.0,4,2011,45.0,54.0
4671,"Hitachi, Ltd.",35,Single Node,"Hitachi, Ltd.","Hadano, Kanagawa, Japan","Jul 10, 2011",May-2011,Jun-2010,"Aug 10, 2011",Single Supplier,Server,Line-powered,"Hitachi, Ltd.",HA8000/RS220 (AL),2U,Intel Xeon X5675,"Six Core, 3.06GHz, 12MB L3 Cache",3066,"12 cores, 2 chips, 6 cores/chip",24 (2 / core),"1,2 chips",32 KB I + 32 KB D on chip per core,256 KB I+D on chip per core,12 MB I+D on chip per chip,,48.0,6 x 8192 MB,"8GB 2Rx4 PC3L-10600R ECC CL9; slots DIMM_#02,#04.#06,#08,#10 and DIMM_#12 populated",1 x 750,DELTA DPS-750QB (Hitachi P/N:GQ-BP2351),1 x 64GB SSD SATA (Hitachi P/N:GQ-UH70647G),Diskarray Controller Board,1 x Intel 82576EB Gigabit Network Connection (onboard),2/1/1,1000,,,,Yes,,Enabled (Power saver),Microsoft Windows Server 2008 R2 Enterprise SP1,R2,NTFS,IBM Corporation,"IBM J9 VM (build 2.4, JRE 1.6.0 IBM J9 2.4 Windows Server 2008 amd64-64 jvmwa6460sr7-20100219_54049(JIT enabled, AOT enabled)",-Xaggressive -Xcompressedrefs -Xgcpolicy:gencon -Xms1500m -Xmx1500m -Xmn1300m -XlockReservation -Xnoloa -XtlhPrefetch -Xlp,"start/affinity [3,C,30,C0,300,C00,3000,C000,30000,C0000,300000.C00000]",12,1500,1500,64,7TTSHE-F11,08.40,SSJ 1.2.6,Controller,IBM WebSphere Application Server V7.0 for Windows on x86-64bit,;;;NHM C3 Report set to C2.;;;NHM C6 Report Enabled.;;;CPU socket QPI L1 Setting Enabled.;;;IOH QPI L1 Setting Enabled.;;;Hardware Prefetcher Disabled.;;;Adjacent Cache Line Prefetcher Disabled.;;;Date Reuse Optimization Disabled.;;;DCU Streamer Prefetcher Disabled.;;;DCU IP Prefetcher Disabled.;;;Memory Frequency set to DDR3-1067MHz.;;;QPI Frequency Selection set to 4.800GT/s.,,";;;Each JVM instance was affinitized to two logical processors.;;;Using the local security settings console, &quot;lock pages in memory&quot; was enabled for the user running the benchmark.;;;Windows power profile set to &quot;Power saver&quot;.;;;Turn off Hard Disks after 1 minute.;;;Processor power management Minimum processor state set to 0%.;;;Processor power management Maximum processor state set to 100%.;;;Run was started via Remote Desktop.",9109671283691223548,May,2011,intel,xeonx5675,,12,2,24,1.0,750.0,xeon,256.0,12000.0,nehalem,95.0,True,,,,,,False,30,179.0,30,48.0,12,2011,95.0,179.0
1971,Dell Inc.,55,Single Node,Dell Inc.,"Round Rock, TX, USA","Feb 12, 2008",Mar-2008,Oct-2007,"Feb 27, 2008",Single Supplier,Server,Line-powered,Dell Inc.,PowerEdge 2950 III (Intel Xeon E5440),--,Intel Xeon E5440,1333 MHz system bus,2833,"8 cores, 2 chips, 4 cores/chip",8 (1 / core),"1,2 chips",32KB I + 32KB D on chip per core,"12 MB I+D on chip per chip, 6 MB shared/2 cores",,,16.0,4x4096MB,"DDR2-667 CL5 FBDIMM; slots 1, 3, 5, and 7 populated",1 x 750,Dell P/N DX385,1 x 73GB 10K RPM 2.5&quot; SAS,SAS 6iR,2 x Onboard Gigabit,2/2/1,1000,KVM,KVM,KVM,Yes,,Enabled (Server Balanced Power and Performance),Microsoft Windows Server 2003 R2 Enterprise x64 Edition,Service Pack 2,NTFS,"BEA Systems, Inc.",BEA JRockit(R) 6 P27.4.0-10 (build P27.4.0-10-90053-1.6.0_02-20071009-1827-windows-x86_64),"-Xms3500m -Xns2900m -Xmx3500m -XXaggressive -XXthroughputcompaction -XXlazyunlocking -XXcallprofiling -Xgc:genpar -XXgcthreads=2 -XXtlasize:min=4k,preferred=512k","start /affinity [03,0c,30,c0]",8,3500,3500,64,--,--,SSJ 1.1,Controller,,--,--,";;;Each JVM instance was affinitized to a socket.;;;Using the local security settings console, &quot;lock pages in memory&quot; was enabled for the user running the benchmark.;;;Hardware Prefetcher and Adjacent Cache Line Prefetch disabled in BIOS (default enabled).;;;Memory Low Power Mode enabled in BIOS",17852008012457182148,Mar,2008,intel,xeone5440,,8,2,8,1.0,750.0,xeon,12000.0,,core,80.0,,,,,,,False,70,234.0,70,16.0,8,2008,80.0,234.0
683,Acer Incorporated,97,Single Node,Acer Incorporated,"Taipei, R.O.C.","Oct 19, 2010",Oct-2010,Dec-2009,"Nov 18, 2010",Single Supplier,Server,Line-powered,Acer Incorporated,"Gateway GR385 F1 (AMD Opteron 6174, 2.20 GHz)",2U,AMD Opteron 6174,"Twelve Core, 2.20 GHz, 12 MB L3 Cache",2200,"24 cores, 2 chips, 12 cores/chip",24 (1 / core),"1,2 chips",64 KB I + 64 KB D on chip per core,512 KB I+D on chip per core,"12 MB I+D on chip per chip, 6 MB shared / 6 cores",,16.0,8 x 2048 MB,"2GB 2Rx8 PC3-10600E; slots 1A, 2A, 3A and 4A populated on each processor",1 x 720,PWS-721P-1R,"1 x 64GB SSD 2.5&quot; SATA, Acer P/N:KF.0640N.001",onboard SATA controller,2 x dual-port Intel 82576EB Gigabit Ethernet controller,4/4/2,1000,PS2,PS2,Direct,No,,Power save enabled in OS,"Windows Server 2008, Enterprise Edition",R2,NTFS,IBM Corporation,"IBM J9 VM (build 2.4, JRE 1.6.0 IBM J9 2.4 Windows Server 2008 amd64-64 jvmwa6460sr7-20091214_49398 (JIT enabled, AOT enabled)",-Xmn1400m -Xms1875m -Xmx1875m -Xaggressive -Xcompressedrefs -Xgcpolicy:gencon -XlockReservation -Xnoloa -XtlhPrefetch -Xlp,"start /affinity [00003F, 000FC0, 03F000, FC0000]",4,1500,1500,64,T01,1.00,SSJ 1.2.6,Controller,IBM Websphere Application Server V7.0 for Windows on x86-64bit,;;;BIOS Setting:;;;Load Optimal Defaults;;;C1 Support:Enabled;;;PowerNow:Enabled;;;ACPI Version Features:ACPI V3.0;;;Fan Speed Control Modes: Engery Saving /ES,,";;;Each JVM instance was affinitized to 6 cores in a socket.;;;Using the local security settings console, &quot;lock pages in memory&quot; was enabled.",7244714276681617684,Oct,2010,amd,opteron6174,,24,2,24,1.0,720.0,opteron,512.0,12000.0,opteron,115.0,,,,,,,,90,259.0,90,16.0,24,2010,115.0,259.0
3527,Hewlett Packard Enterprise,3,Single Node,Hewlett Packard Enterprise,"Houston, TX, USA","Oct 16, 2020",Dec-2020,Feb-2020,"Nov 4, 2020",Single Supplier,Server,Line-powered,Hewlett Packard Enterprise,Superdome Flex 280 - 8 Socket,10U,Intel Xeon Platinum 8380HL 2.90 GHz,"28-Core, 2.90 GHz, 38.5MB L3 Cache",2900,"224 cores, 8 chips, 28 cores/chip",448 (2 / core),"2,4,8 chips",32 KB I + 32 KB D on chip per core,1 MB I+D on chip per core,39424 KB I+D on chip per chip,,1536.0,48 x 32768 MB,32GB 2Rx4 PC4-3200AA-RE2; 1 DIMM per channel slots populated,4 x 1600,HPE 1600W Platinum Power Supply (060-0415-002),1 x HPE Superdome Flex 280 480GB SATA 6G Mixed Use SFF (2.5in) BC 3yr Wty Digitally Signed Firmware SSD (R6A34A),Embedded SATA Controller,1 x HPE Embedded Ethernet 1Gb 2-port adapter,2/1/1,1000,,,,No,,Enabled (see SUT Notes),Windows Server 2019 Datacenter,Version 1809 (OS Build 17763),NTFS,Oracle Corporation,"Oracle Java HotSpot(TM) 64-Bit Server VM 18.9 (build 11.0.8+10-LTS, mixed mode)",-server -Xmn1677m -Xms2000m -Xmx2000m -XX:SurvivorRatio=1 -XX:TargetSurvivorRatio=99 -XX:AllocatePrefetchDistance=256 -XX:AllocatePrefetchLines=4 -XX:LoopUnrollLimit=45 -XX:InitialTenuringThreshold=12 -XX:MaxTenuringThreshold=15 -XX:ParallelGCThreads=2 -XX:InlineSmallCode=3900 -XX:MaxInlineSize=270 -XX:FreqInlineSize=2500 -XX:+UseLargePages -XX:+UseParallelOldGC -XX:UseAVX=1 -XX:BiasedLockingStartupDelay=30000 -XX:-UseAdaptiveSizePolicy -XX:-ThreadLocalHandshakes,"start /node [0-4] /affinity [0x3, 0xC, 0x30, 0xC0, 0x300, 0xC00, 0x3000, 0xC000, 0x30000, 0xC0000, 0x300000, 0xC00000, 0x3000000, 0xC000000, 0x30000000, 0xC0000000, 0x300000000, 0xC00000000, 0x3000000000, 0xC000000000, 0x30000000000, 0xC0000000000, 0x300000000000, 0xC00000000000, 0x3000000000000, 0xC000000000000, 0x30000000000000, 0xC0000000000000",224,2000,2000,64,1.0.140,1.0.140,SSJ 1.2.10,Controller,Microsoft Windows KB4532691,;;;Workload Profile: Custom ;;;Minimum Processor Idle Power Package C-State: Package C6(retention) State;;;Intel(R) Turbo Boost Technology: Disabled;;;Energy Efficient Turbo: Disabled;;;NUMA Group Size Optimization: Flat;;;Advanced Memory Protection: Adaptive Double Device Data Correction (ADDDC);;;Intel(R) NIC DMA Channels (IOAT): Disabled;;;SR-IOV: Disabled;;;Intel(R) Virtualization Technology (Intel VT): Disabled;;;HW Prefetcher: Disabled;;;Adjacent Sector Prefetch: Disabled;;;DCU Stream Prefetcher: Disabled;;;LLC Prefetch: Enabled ;;;Snoop Throttle Configuration: High;;;Intel(R) DMI Link Frequency: Gen 1 Speed;;;Maximum Memory Bus Frequency: 2400 MHz;;;Memory Patrol Scrubbing: Disabled;;;Power Redundancy mode: Disabled,See SUT Notes,";;;Benchmark started via Remote Desktop;;;Enable ""Lock Pages in Memory"" per section 4.1 of SERT User Guide.;;;SPECpower_ssj.props input.load_level.number_warehouses set to 448 to detect the full number of available processors on the SUT;;;Windows Power Scheme: Power Saver;;;Processor power management: Maximum Processor State = 89%;;;System cooling policy = Passive;;;PCI Express Power Management = Maximum Power Savings;;;Turn off Display = 1 Minute;;;Turn off hard disk = 1 Minute;;;Powercfg /setacvalueindex scheme_current sub_processor PERFEPP 0;;;Powercfg /setacvalueindex scheme_current sub_processor perfautonomous 1;;;Powercfg /setactive scheme_current;;;Yes: The test sponsor attests, as of date of publication, that CVE-2017-5754 (Meltdown) is mitigated in the system as tested and documented.;;;Yes: The test sponsor attests, as of date of publication, that CVE-2017-5753 (Spectre variant 1) is mitigated in the system as tested and documented.;;;Yes: The test sponsor attests, as of date of publication, that CVE-2017-5715 (Spectre variant 2) is mitigated in the system as tested and documented.",9845969275129067417,Dec,2020,intel,xeonplatinum8380hl,,224,8,448,4.0,1600.0,xeon,1000.0,39424.0,cooperlake,250.0,True,,,False,True,,False,50,1276.0,50,1536.0,224,2020,250.0,1276.0
2680,Fujitsu,19,Single Node,Fujitsu,"Paderborn, NRW, Germany","Jan 9, 2015",Feb-2015,Jun-2013,"Feb 5, 2015",Single Supplier,Server,Line-powered,Fujitsu,FUJITSU Server PRIMERGY RX2530 M1,1U,Intel Xeon E5-2699 v3,"18-Core, 2.30GHz, 45MB L3 Cache",2300,"36 cores, 2 chips, 18 cores/chip",72 (2 / core),"1,2 chips",32 KB I + 32 KB D on chip per core,256 KB I+D on chip per core,45 MB I+D on chip per chip,,64.0,8 x 8192 MB,"8 GB DDR4, registered, ECC, 2133 MHz, PC4-2133R, DIMM, 2Rx8; slots 1A, 1B, 1C, 1D, 1E, 1F, 1G, 1H populated",1 x 800,Fujitsu Technology Solutions S26113-F615-E10,"1 x DOM SATA 6G 64GB Main N H-P, S26361-F5522-E64",Integrated SATA Controller,"1 x PLAN AP 1x1Gbit Cu Intel I210-T1 LP (Copper), S26361-F3852-E201",1/1/1,1000,,,,No,,Enabled (&quot;Fujitsu Enhanced Power Settings&quot; power plan),Microsoft Windows Server 2008 R2 Enterprise SP1,Version 6.1.7601 Service Pack 1 Build 7601,NTFS,IBM Corporation,"IBM J9 VM (build 2.6, JRE 1.7.0 Windows Server 2008 R2 amd64-64 20120322_106209 (JIT enabled, AOT enabled)",-Xmn825m -Xms975m -Xmx975m -Xaggressive -Xcompressedrefs -Xgcpolicy:gencon -XlockReservation -Xnoloa -XtlhPrefetch -Xlp -Xconcurrentlevel0 -Xthr:minimizeusercpu -Xgcthreads2 (-Xgcthreads1 for JVM5 and JVM23),"start /NODE [0,1,2,3] /AFFINITY [0x3,0xC,0x30,0xC0,0x300,0xC00,0x3000,0xC000,0x30000]",36,975,975,64,R1.11.0,7.69F,SSJ 1.2.10,Controller,"IBM WebSphere Application Server V8.5.0.0, Microsoft Hotfix for Windows (KB2510206)",;;;Set &quot;Hardware Prefetcher = Disabled&quot; in BIOS.;;;Set &quot;Adjacent Cache Line Prefetch = Disabled&quot; in BIOS.;;;Set &quot;DCU Streamer Prefetcher = Disabled&quot; in BIOS.;;;Set &quot;Onboard USB Controllers = Disabled&quot; in BIOS.;;;Set &quot;Power Technology = Custom&quot; in BIOS.;;;Set &quot;QPI Link Frequency Select = 6.4 GT/s&quot; in BIOS.;;;Set &quot;Turbo Mode = Disabled&quot; in BIOS.;;;Set &quot;Intel Virtualization Technology = Disabled&quot; in BIOS.;;;Set &quot;ASPM Support = L1 Only&quot; in BIOS.;;;Set &quot;DMI Control = Gen1&quot; in BIOS.;;;Set &quot;COD Enable = Enabled&quot; in BIOS.;;;Set &quot;Early Snoop = Disabled&quot; in BIOS.,,";;;Set &quot;Turn off hard disk after = 1 Minute&quot; in OS.;;;Using the local security settings console, &quot;lock pages in memory&quot; was enabled for the user running the benchmark.;;;Benchmark was started via Windows Remote Desktop Connection.;;;Microsoft Hotfix KB2510206 has been installed due to known problems of the group assignment algorithm which does not create a balanced group assignment. For more information see: http://support.microsoft.com/kb/2510206",10487973165408243870,Feb,2015,intel,xeone5-2699v3,,36,2,72,1.0,800.0,xeon,256.0,45000.0,haswell,145.0,,,,False,,,False,60,172.0,60,64.0,36,2015,145.0,172.0
5417,Quanta Computer Inc.,9050,Single Node,Quanta Computer Inc.,"Taoyuan, TW, R.O.C","Jun 3, 2021",Apr-2021,Jan-2021,"Jul 19, 2021",Single Supplier,Server,Line-powered,Quanta Cloud Technology,QuantaGrid D53XQ-2U,2U,Intel Xeon Platinum 8380,"40-core, 2.3GHz, 60MB L3 Cache",2300,"80 cores, 2 chips, 40 cores/chip",160 (2 / core),"1,2 chips",32 KB I + 48 KB D on chip per core,1280 KB I+D on chip per core,60 MB I+D on chip per chip,,256.0,16 x 16384 MB,"16 GB 2Rx8 PC4-3200AA-R; slots A0, B0, C0, D0, E0, F0, G0 ,H0 populated on per socket. QuantaPN:ATR5GAGR530",1 x 1200,PS-2122-6Q Quanta P/N AFC00B00030,1 x 256 GB NVMe PCIe SSD QuantaPN:ABS0256G435,Integrated PCI-e controller,"1 x Intel Ethernet Controller I350-T4  1Gb OCP 3.0, 4-port QuantaPN:ADPC0350006",4/4/1,1000,,,,No,,Balanced power plan in OS,Microsoft Windows Server 2019,Version 1809 (OS Build 17763.1397),NTFS,Oracle Corporation,"Oracle HotSpot(TM) 64-Bit server VM 18.9 (build 11.0.10+8-LTS-162, mixed mode)",-server -Xms1995m -Xmx1995m -Xmn1825m -XX:SurvivorRatio=1 -XX:TargetSurvivorRatio=99 -XX:ParallelGCThreads=2 -XX:AllocatePrefetchDistance=256 -XX:AllocatePrefetchLines=4 -XX:LoopUnrollLimit=45 -XX:InitialTenuringThreshold=12 -XX:MaxTenuringThreshold=15 -XX:InlineSmallCode=3900 -XX:MaxInlineSize=270 -XX:FreqInlineSize=2500 -XX:+UseLargePages -XX:+UseParallelOldGC -XX:UseAVX=1 -XX:-UseAdaptiveSizePolicy -XX:-ThreadLocalHandshakes,"start /NODE [0,1,2,3] /AFFINITY [3,C,30,C0,300,C00,3000,C000,30000,C0000,300000,C00000,3000000,C000000,30000000,C0000000,300000000,C00000000,3000000000,C000000000]",80,1995,1995,64,3A12,3.21,SSJ 1.2.10,Controller,"IBM WebSphere Application Server V8.5.0.0, Microsoft Hotfix for Windows (KB4566424)",";;;set ""Adjacent Cache Prefetch"" = disabled;;;set ""Hardware Prefetcher"" = disabled;;;set ""DCU Streamer Prefetcher"" = disabled;;;set ""Turbo Mode"" = disabled;;;set ""SNC (Sub NUMA)"" = Enable SNC2;;;set ""Patrol Scrub""  = disable;;;set ""Current UPI Link Speed"" =  9.6 GT/s;;;set ""Memory frequency"" = 2666;;;set ""Package C State"" = C6(non Retention) state",none,";;;Each JVM instance was bound to 2 logical processors;;;SPECpower_ssj.props input.load_level.number_warehouses set to 160 due to a known inconsistency in processor reporting with this Java version.;;;Using the local security settings console, &quot;lock pages in memory&quot; was enabled for the user running the benchmark.;;;Run initiated via Windows Remote Desktop Connection;;;Hard Disk set to turn off after 1 minute;;;Minimum processor state set to 0%;;;Display set to turn off after 1 minute;;;&lt;N/A&gt; The test sponsor attests, as of date of publication, that CVE-2017-5754 (Meltdown) is mitigated in the system as tested and documented.;;;&lt;Yes&gt; The test sponsor attests, as of date of publication, that CVE-2017-5753 (Spectre variant 1) is mitigated in the system as tested and documented.;;;&lt;Yes&gt; The test sponsor attests, as of date of publication, that CVE-2017-5715 (Spectre variant 2) is mitigated in the system as tested and documented.",15565082921390044673,Apr,2021,intel,xeonplatinum8380,,80,2,160,1.0,1200.0,xeon,1280.0,60000.0,icelake,270.0,True,,,False,True,,False,20,219.0,20,256.0,80,2021,270.0,219.0
4162,Lenovo Global Technology,9017,Single Node,Lenovo Global Technology,"Beijing, China","Nov 30, 2020",Nov-2020,Dec-2019,"Dec 16, 2020",Single Supplier,Server,Line-powered,Lenovo Global Technology,ThinkSystem SR860V2,4U,Intel Xeon Platinum 8376HL,"28-Core, 2.6GHz, 38.5MB L3 Cache",2600,"112 cores, 4 chips, 28 cores/chip",224 (2 / core),"2,4 chips",32 KB I + 32 KB D on chip per core,1 MB I+D on chip per core,39424 KB I+D on chip per chip,,384.0,24 x 16 GB,"16GB 2Rx8 PC4-3200AA-RE2-12; slots 1, 3, 5, 8, 10, 12, 13, 15, 17, 20, 22, 24, 25, 27, 29, 32, 34, 36, 37, 39, 41, 44, 46, 48 populated",2 x 1100,Lenovo P/N:4P57A26293,1 x 240GB M.2 SSD (Lenovo P/N 4XB7A17071),Integrated SATA controller,1 x Broadcom NetXtreme Gigabit Ethernet P/N:7ZT7A00482,2/2/1,1000,,,,No,,Enabled (see SUT Notes),Suse Linux Enterprise Server 12 SP5,Kernel 4.12.14-120-default,btrfs,Oracle Corporation,"Java HotSpot(TM) 64-Bit Server VM 18.9 (build 11.0.3+12-LTS, mixed mode)",-server -XX:MaxTenuringThreshold=15 -XX:UseSSE=4 -Xss256k -Xmn1700m -Xms1950m -Xmx1950m -XX:SurvivorRatio=1 -XX:TargetSurvivorRatio=99 -XX:ParallelGCThreads=2 -XX:AllocatePrefetchDistance=256 -XX:AllocatePrefetchLines=4 -XX:LoopUnrollLimit=45 -XX:InitialTenuringThreshold=12 -XX:InlineSmallCode=4000 -XX:MaxInlineSize=300 -XX:FreqInlineSize=2500 -XX:+UseLargePages -XX:+UseParallelOldGC -XX:LargePageSizeInBytes=2m -XX:+UseBiasedLocking -XX:+UseHugeTLBFS -XX:+UseTransparentHugePages -XX:UseAVX=1,"for each physicalCore { numactl -C physicalCoreId, physicalCoreId + 112 }",112,1950,1950,64,107H-1.00,07R-1.00,SSJ 1.2.10,Controller,,<UL>;;;Operating Mode: Custom Mode;;;Memory Power Management: Automatic;;;Page Policy: Adaptive;;;Intel VT for Directed I/O(VT-d): Disable;;;Memory Data Scrambling: Disable;;;Turbo Mode: Disable;;;Intel Virtualization Technology: Disable;;;Hardware Prefetcher: Disable;;;Adjacent Cache Prefetch: Disable;;;DCU Streamer Prefetcher: Disable;;;Patrol Scrub: Disable;;; Ethernet over USB interface: Disable</UL>,none,"<UL>;;;Benchmark started via ssh;;;kernal parameter:pcie_aspm=force pcie_aspm.policy=powersupersave;;;cpupower frequency-set -g ondemand;;;echo -n 94 > /sys/devices/system/cpu/cpufreq/ondemand/up_threshold;;;Each JVM instance was affinitized to two threads on a single socket;;;echo 960000 > /proc/sys/kernel/sched_rt_runtime_us;;;echo 16000000 > /proc/sys/kernel/sched_latency_ns;;;echo 9000000 > /proc/sys/kernel/sched_min_granularity_ns;;;Yes: The test sponsor attests, as of date of publication, that CVE-2017-5754 (Meltdown) is mitigated in the system as tested and documented;;; Yes: The test sponsor attests, as of date of publication, that CVE-2017-5753 (Spectre variant 1) is mitigated in the system as tested and documented;;;Yes: The test sponsor attests, as of date of publication, that CVE-2017-5715 (Spectre variant 2) is mitigated in the system as tested and documented </UL>",7659377642441925671,Nov,2020,intel,xeonplatinum8376hl,,112,4,224,2.0,1100.0,xeon,1000.0,39424.0,cooperlake,205.0,True,,,,,,False,40,354.0,40,384.0,112,2020,205.0,354.0
6255,Fujitsu,19,Single Node,Fujitsu,"Paderborn, NRW, Germany","Mar 11, 2010",Apr-2010,Nov-2009,"Apr 7, 2010",Single Supplier,Server,Line-powered,Fujitsu,PRIMERGY RX300 S6 (Intel Xeon X5670),2U,Intel Xeon X5670,"Hexa-Core, 2.93GHz, 12MB L3 Cache",2933,"12 cores, 2 chips, 6 cores/chip",24 (2 / core),"1,2 chips",32 KB I + 32 KB D on chip per core,256 KB I+D on chip per core,12 MB I+D on chip per chip,,12.0,6 x 2048 MB,"2GB 2Rx8 PC3L-10600E ECC CL9; slots 1A, 1B, 1C, 1D, 1E, 1F populated",1 x 800,Fujitsu Technology Solutions DPS-800GB-3 A,1 x 64GB SSD (Fujitsu S26361-F3298-E64),Integrated SATA Controller,2 x Intel 82575EB Gigabit Network Connection (onboard),1/1/1,1000,,,,No,,Enabled (&quot;Fujitsu Enhanced Power Settings&quot; power plan),Microsoft Windows Server 2008 x64 Enterprise Edition + SP2,Version 6.0.6002 Service Pack 2 Build 6002,NTFS,IBM Corporation,"IBM J9 VM (build 2.4, JRE 1.6.0 IBM J9 2.4 Windows Server 2008 amd64-64 jvmwa6460sr6-20090923_42924 (JIT enabled, AOT enabled)",-Xaggressive -Xcompressedrefs -Xgcpolicy:gencon -Xmn1400m -Xms1550m -Xmx1550m -XlockReservation -Xnoloa -XtlhPrefetch -Xlp,"start /affinity [0xF,0xF0,0xF00,0xF000,0xF0000,0xF00000]",6,1550,1550,64,1.00E,3.91A,SSJ 1.2.6,Controller,,See SUT Notes,,";;;Set &quot;Turbo Boost Technology = Disabled&quot; in BIOS.;;;Set &quot;Adjacent Sector Prefetch = Disable&quot; in BIOS.;;;Set &quot;Hardware Prefetch = Disable&quot; in BIOS.;;;Set &quot;DCU Streamer Prefetch = Disable&quot; in BIOS.;;;Set &quot;Data Reuse Optimization = Disable&quot; in BIOS.;;;Set &quot;QPI Bus Speed = 4.800GT&quot; in BIOS.;;;Set &quot;ASPM = L0s and L1&quot; in BIOS.;;;Set &quot;SATA AHCI Enabled = Enabled&quot; in BIOS.;;;Set &quot;USB Host Controller = Disable&quot; in BIOS.;;;Memory Speed limited to 1066MHz in BIOS.;;;Using the local security settings console, &quot;lock pages in memory&quot; was enabled for the user running the benchmark.",2130371735212327236,Apr,2010,intel,xeonx5670,,12,2,24,1.0,800.0,xeon,256.0,12000.0,nehalem,95.0,,,,False,,,False,0,77.9,0,12.0,12,2010,95.0,77.9
3027,Nettrix,6138,Single Node,Nettrix,"Beijing, China","Jun 1, 2021",Apr-2021,Apr-2021,"Jul 29, 2021",Single Supplier,Server,Line-powered,Nettrix,R620 G40,2U,Intel Xeon Platinum 8380,"40-Core, 2.3GHz, 60MB L3 Cache",2300,"80 cores, 2 chips, 40 cores/chip",160 (2 / core),2 chips,32 KB I + 48 KB D on chip per core,1280 KB I+D on chip per core,60 MB I+D on chip per chip,,256.0,16 x 16 GB,"16 x 16GB 2Rx8 PC4-3200Y-R; slots 0, 2, 4, 6, 8, 10, 12, 14, 16, 18, 20, 22, 24, 26, 28 and 30 populated",1 x 800,"Nettrix PSU 800W, P/N:33000164","1 x 240GB M.2 SATA SSD,P/N:54000798",Integrated SATA controller,"1 x 1000BASE-T OCP with 2x RJ45 ports, P/N:C2400204",2/2/1,1000,,,,No,,tuned-adm profile powersave,Suse Linux Enterprise Server 15 SP2,5.3.18-24.61-default,xfs,Oracle Corporation,"Java HotSpot(TM) 64-Bit Server VM 18.9 (build 11.0.11+9-LTS-194, mixed mode)",-server -Xmx31744m -Xms31744m -Xmn29696m -XX:SurvivorRatio=1 -XX:TargetSurvivorRatio=99 -XX:ParallelGCThreads=40 -XX:AllocatePrefetchDistance=256 -XX:AllocatePrefetchLines=4 -XX:LoopUnrollLimit=45 -XX:InitialTenuringThreshold=12 -XX:MaxTenuringThreshold=15 -XX:InlineSmallCode=3900 -XX:MaxInlineSize=270 -XX:FreqInlineSize=2500 -XX:+UseTransparentHugePages -XX:+UseParallelOldGC -XX:UseAVX=1 -XX:BiasedLockingStartupDelay=30000 -XX:-UseAdaptiveSizePolicy -XX:-ThreadLocalHandshakes,"Each JVM instance was affinitized to a cpu node:numactl --cpunodebind=[0,1,2,3]",4,31744,31744,64,0PYH001029,0.85,SSJ 1.2.10,Controller,,BIOS Platform Configuration:;;;Application Profile: Energy Efficient Mode;;;USB Support: All USB Ports Disabled;;;Memory Patrol Scrubbing: Disabled;;;Memory Bus Frequency: 2400 MHz;;;Intel Turbo Boost Technology: Disabled;;;Energy Performance Bias: Balanced Power;;;Intel DMI Link Frequency: Gen 1 Speed;;;NUMA Group Size Optimization: Clustered;;;Intel Performance Monitoring Support: Disabled;;;Sub-NUMA Clustering: Enabled SNC2 (2-clusters);;;HW Prefetcher: Disabled;;;Adjacent Sector Prefetch: Disabled;;;DCU Stream Prefetcher: Disabled;;;XPT Prefetcher: Enabled;;;Maximum PCI Express Speed: PCIe Generation 1.0,none,";;;Benchmark started via ssh ;;;SPECpower_ssj.props input.load_level.number_warehouses set to 160 due to a known inconsistency in processor reporting with this Java version;;;BMC tunes:;;;Cooling Policy set to Balanced Mode;;;Platform Power Capping set to ON;;;Power Cap set to 472;;;OS tunes:;;;cpupower frequency-set -g powersave;;;echo 10000 > /proc/sys/kernel/sched_cfs_bandwidth_slice_us;;;echo 16000000 > /proc/sys/kernel/sched_latency_ns;;;echo 1000 > /proc/sys/kernel/sched_migration_cost_ns;;;echo 28000000 > /proc/sys/kernel/sched_min_granularity_ns;;;echo 9 > /proc/sys/kernel/sched_nr_migrate;;;echo 100 > /proc/sys/kernel/sched_rr_timeslice_ms;;;echo 1000000 > /proc/sys/kernel/sched_rt_period_us;;;echo 990000 > /proc/sys/kernel/sched_rt_runtime_us;;;echo 0 > /proc/sys/kernel/sched_schedstats;;;echo 1 > /proc/sys/kernel/sched_tunable_scaling;;;echo 50000000 > /proc/sys/kernel/sched_wakeup_granularity_ns;;;echo 3000 > /proc/sys/vm/dirty_expire_centisecs;;;echo 500 > /proc/sys/vm/dirty_writeback_centisecs;;;echo 40 > /proc/sys/vm/dirty_ratio;;;echo 10 > /proc/sys/vm/swappiness;;;echo 0 > /proc/sys/kernel/numa_balancing;;;echo always > /sys/kernel/mm/transparent_hugepage/enabled;;;Applied protection against speculative execution;;;Yes: The test sponsor attests, as of date of publication, that CVE-2017-5754 (Meltdown) is mitigated in the system as tested and documented.;;;Yes: The test sponsor attests, as of date of publication, that CVE-2017-5753 (Spectre variant 1) is mitigated in the system as tested and documented.;;;Yes: The test sponsor attests, as of date of publication, that CVE-2017-5715 (Spectre variant 2) is mitigated in the system as tested and documented.;;;The system ROM used for this result contains Intel microcode version 0D000280 for the Intel Xeon Platinum 8380 processor.;;;zypper install cpupower tuned;;;All packages including the kernel updated on April 14, 2021 with the command “zypper update”",8305244158942923554,Apr,2021,intel,xeonplatinum8380,,80,2,160,1.0,800.0,xeon,1280.0,60000.0,icelake,270.0,True,,,False,,,False,60,306.0,60,256.0,80,2021,270.0,306.0
5464,Hewlett Packard Enterprise,3,Single Node,Hewlett Packard Enterprise,"Houston, TX, USA","Feb 23, 2021",Mar-2021,Jan-2021,"Mar 15, 2021",Single Supplier,Server,Line-powered,Hewlett Packard Enterprise,ProLiant DL345 Gen10 Plus,2U,AMD EPYC 7763 2.45 GHz,"64-Core, 2.45 GHz, 256MB L3 Cache",2450,"64 cores, 1 chip, 64 cores/chip",128 (2 / core),1 chip,32 KB I + 32 KB D on chip per core,512 KB I+D on chip per core,256 MB I+D on chip per chip,,128.0,8 x 16384 MB,"16 GB 2Rx8 PC4-3200AA-R; slots 1, 3, 5, 7, 10, 12, 14 and 16 populated",1 x 800,HPE 800W Flex Slot Titanium Hot Plug Low Halogen Power Supply Kit (865438-B21),1 x HPE 480GB SATA 6G SSD (P05976-B21),Embedded SATA Controller,1 x Intel Ethernet I350 4-Port 1Gb NIC,4/4/1,1000,,,,No,,Enabled (see SUT Notes),Windows Server 2019 Datacenter,Version 1809 (OS Build 17763.1697),NTFS,Oracle Corporation,"Oracle Java HotSpot(TM) 64-Bit Server VM 18.9 (build 11.0.8+10-LTS, mixed mode), version 11.0.8",-server -Xmn1450m -Xms1700m -Xmx1700m -XX:SurvivorRatio=1 -XX:TargetSurvivorRatio=99 -XX:ParallelGCThreads=2 -XX:AllocatePrefetchDistance=256 -XX:AllocatePrefetchLines=2 -XX:LoopUnrollLimit=45 -XX:InitialTenuringThreshold=12 -XX:MaxTenuringThreshold=15 -XX:InlineSmallCode=3900 -XX:MaxInlineSize=270 -XX:FreqInlineSize=2500 -XX:+UseLargePages -XX:+UseParallelOldGC -XX:LargePageSizeInBytes=2m -XX:+UseBiasedLocking -XX:+UseHugeTLBFS -XX:+UseTransparentHugePages,"start NODE [0-7] /AFFINITY [0x3,0xC,0x30,0xC0,0x300,0xC00,0x3000,0xC000]",64,1700,1700,64,A43 v2.40 (02/15/2021),2.40 Feb 07 2021,SSJ 1.2.10,Controller,KB4598230,BIOS Platform Configuration (RBSU):;;;BIOS Serial Console Port: Disabled;;;USB Support: All USB Ports Disabled;;;Determinism Control: Manual;;;Performance Determinism : Power Determinism;;;Memory Interleaving Mode: Disabled;;;Maximum Memory Bus Frequency: 2400 MHz;;;DRAM Controller Power Down: Enabled;;;NUMA memory domains per socket: Four memory domains per socket;;;Last-Level Cache (LLC) As NUMA Node: Enabled;;;Data Fabric C-State Enable: Force Enabled;;;C-State Efficiency Mode: Enabled;;;AMD Core Performance Boost: Disabled;;;AMD Fmax Boost Limit Control: Manual;;;AMD Fmax Boost Limit: 2450;;;L1 Stream HW Prefetcher: Disabled;;;L2 Stream HW Prefetcher: Disabled;;;Maximum PCI Express Speed: PCIe Generation 1.0,See SUT Notes,";;;Benchmark started via ssh;;;SPECpower_ssj.props input.load_level.number_warehouses set to 256 due to a known inconsistency in processor reporting with this Java version;;;OS tunes:;;;Windows Power Options = Balanced;;;Turn off Display = 1 Minute;;;Turn off hard disk  = 1 Minute;;;PCI Express Management = Maximum Power Savings;;;Powercfg /setacvalueindex scheme_current sub_processor PERFEPP 100;;;Powercfg /setacvalueindex scheme_current sub_processor perfautonomous 1;;;Powercfg /setactive scheme_current;;;Applied protection against speculative execution;;;N/A: The test sponsor attests, as of date of publication, that CVE-2017-5754 (Meltdown) is mitigated in the system as tested and documented.;;;Yes: The test sponsor attests, as of date of publication, that CVE-2017-5753 (Spectre variant 1) is mitigated in the system as tested and documented.;;;Yes: The test sponsor attests, as of date of publication, that CVE-2017-5715 (Spectre variant 2) is mitigated in the system as tested and documented.",4787837147952833151,Mar,2021,amd,epyc7763,,64,1,128,1.0,800.0,epyc,512.0,256000.0,epyc-gen3,280.0,True,,,False,True,,False,20,119.0,20,128.0,64,2021,280.0,119.0
5663,Dell,55,Single Node,Dell,"Round Rock, TX, USA","Mar 9, 2012",Apr-2012,Dec-2011,"Apr 4, 2012",Single Supplier,Server,Line-powered,Dell Inc.,"PowerEdge T620 (Intel Xeon E5-2660, 2.2 GHz)",Tower,Intel Xeon E5-2660 2.20 GHz,"8-Core, 2.20GHz, 20MB L3 Cache(Turbo Boost Technology up to 3.0 GHz)",2200,"16 cores, 2 chips, 8 cores/chip",32 (2 / core),"1,2 chips",32 KB I + 32 KB D on chip per core,256 KB I+D on chip per core,20 MB I+D on chip per chip,,24.0,6 x 4096 MB,"4GB 2Rx8 PC3L-10600E-9 ECC; Slots A1-3, B1-3 populated.",1 x 495,Dell P/N 13MD5,"1 x 100 GB SATA SSD, Dell P/N DYW42",PERC S110,1 x Onboard Dual Port Intel I350,2/2/1,1000,,,,No,,Power Saver Mode set in OS,Microsoft Windows Server 2008 Enterprise x64 Edition,R2 SP1,NTFS,Oracle Corporation,"Oracle Java HotSpot(TM) 64-Bit Server VM on Windows, version 1.6.0_30",-server -Xmx1024m -Xms1024m -Xmn853m -XX:SurvivorRatio=60 -XX:TargetSurvivorRatio=90 -XX:ParallelGCThreads=2 -XX:AllocatePrefetchDistance=256 -XX:AllocatePrefetchLines=4 -XX:LoopUnrollLimit=45 -XXInitialTenuringThreshold=12 -XX:MaxTenuringThreshold=15 -XX:InlineSmallCode=3900 -XX:MaxInlineSize=270 -XX:FreqInlineSize=2500 -XX:+UseLargePages -XX:+UseParallelOldGC -XX:+UseCompressedStrings -XX:+AggressiveOpts,"start /affinity [3,C,30,C0,300,C00,3000,C000,30000,C0000,300000,C00000,3000000,C000000,30000000,C0000000]",16,1024,1024,64,1.1.0,"X51, build 76",SSJ 1.2.9,Controller,,;;;QPI speed set to 6.4 GT/s;;;Adjacent Cache Line Prefetch disabled;;;Hardware Prefetcher disabled;;;DCU Streamer Prefetcher disabled;;;User Accessible USB Ports set to Only Back Ports On;;;System Profile set to Custom;;;CPU Power Management set to System DBPM (DAPC);;;Memory Frequency set to 1067MHz;;;Intel Turbo Boost enabled;;;C1E enabled;;;C States enabled;;;Memory Patrol Scrub set to disabled;;;Memory Refresh Rate set to 1x;;;Memory Operating Voltage set to Auto,none,";;;Each JVM instance was bound to 2 logical processors;;;Using the local security settings console, &quot;lock pages in memory&quot; was enabled for the user running the benchmark.;;;Run initiated via Windows Remote Desktop;;;Hard Drive set to turn off after 1 minute;;;Display set to turn off after 1 minute;;;SPECpower_ssj.props input.load_level.number_warehouses set to 32 due to a known inconsistency in processor reporting with the Java used",8469658058282631186,Apr,2012,intel,xeone5-2660,,16,2,32,1.0,495.0,xeon,256.0,20000.0,sandybridge,95.0,True,,,False,True,,False,10,73.1,10,24.0,16,2012,95.0,73.1
5265,Dell Inc.,55,Single Node,Dell Inc.,"Round Rock, TX, USA","May 1, 2012",Jun-2012,Dec-2011,"May 30, 2012",Single Supplier,Server,Line-powered,Dell Inc.,"PowerEdge R820 (Intel Xeon E5-4650L, 2.60 GHz)",2U,Intel Xeon E5-4650L 2.60 GHz,"8 core, 2.60 GHz, 20MB L3 Cache",2600,"32 cores, 4 chips, 8 cores/chip",64 (2 / core),"1,2,4 chips",32 KB I + 32 KB D on chip per core,256 KB I+D on chip per core,20 MB I+D on chip per chip,,48.0,12 x 4096 MB,"4GB 2Rx8 PC3L-10600E-9 ECC; Slots A1-3,B1-3,C1-3,D1-3 populated.",1 x 1100,Dell P/N GYH9V,"1 x 100GB SATA SSD, Dell P/N DYW42","PERC H310, Dell P/N 3P0R3","2 x dual-port Broadcom 5720, Dell P/N FM487",4/4/1,1000,,,,No,,Power Saver Mode in OS (see SUT Notes),Microsoft Windows 2008 Enterprise x64 Edition,R2 SP1,NTFS,Oracle Corporation,"Oracle Java HotSpot(TM) 64-Bit Server VM on Windows, version 1.6.0_30",-server -Xmx1024m -Xms1024m -Xmn768m -XX:SurvivorRatio=60 -XX:TargetSurvivorRatio=90 -XX:ParallelGCThreads=2 -XX:AllocatePrefetchDistance=256 -XX:AllocatePrefetchLines=4 -XX:LoopUnrollLimit=45 -XX:InitialTenuringThreshold=12 -XX:MaxTenuringThreshold=15 -XX:InlineSmallCode=3900 -XX:MaxInlineSize=270 -XX:FreqInlineSize=2500 -XX:+UseLargePages -XX:+UseParallelOldGC -XX:+UseCompressedStrings -XX:+AggressiveOpts,"start /affinity [3,C,30,C0,300,C00,3000,C000,30000,C0000,300000,C00000,3000000,C000000,30000000,C0000000,300000000,C00000000,3000000000,C000000000,30000000000,C0000000000,300000000000,C00000000000,3000000000000,C000000000000,30000000000000,C0000000000000,300000000000000,C00000000000000,3000000000000000,C000000000000000]",32,1024,1024,64,1.1.3,1.20.20 (build 16),SSJ 1.2.9,Controller,,;;;Memory Operating Mode set to Optimizer Mode;;;QPI Speed set to 6.4 GT/s;;;Adjacent Cache Line Prefetch disabled;;;Hardware Prefetcher disabled;;;DCU Streamer Prefetcher disabled;;;User Accessible USB Ports set to Only Back Ports On;;;System Profile set to Custom;;;CPU Power Management set to DAPC;;;Memory Frequency set to 1333MHz;;;Intel Turbo Boost disabled<C1E enabled<C States enabled;;;Memory Patrol Scrub set to disabled;;;Memory Refresh Rate set to 1x;;;Memory Operating Voltage set to Auto,none,";;;Each JVM instance was bound to 2 logical processors;;;Using the local security settings console, &quot;lock pages in memory&quot; was enabled for the user running the benchmark.;;;Run initiated via Windows Remote Desktop Connection;;;Hard Disk set to turn off after 1 minute;;;Display set to turn off after 1 minute;;;SPECpower_ssj.props input.load_level.number_warehouses set to 64 due a known inconsistency in processor reporting with the Java used",10124338591006859850,Jun,2012,intel,xeone5-4650l,,32,4,64,1.0,1100.0,xeon,256.0,20000.0,sandybridge,115.0,True,,,False,True,,False,20,167.0,20,48.0,32,2012,115.0,167.0
2829,"Huawei Technologies Co., Ltd",3175,Single Node,"Huawei Technologies Co., Ltd","Shenzhen, Guangdong, China","May 14, 2012",May-2012,Dec-2011,"May 30, 2012",Single Supplier,Server,Line-powered,"Huawei Technologies Co., Ltd",RH2285 V2,2U,Intel Xeon E5-2450L,"8-Core, 1.80 GHz, 20 MB L3 Cache (Turbo Boost Technology up to 2.3 GHz)",1800,"16 cores, 2 chips, 8 cores/chip",32 (2 / core),"1,2 chips",32 KB I + 32 KB D on chip per core,256 KB I+D on chip per core,20 MB I+D on chip per chip,,16.0,4 x 4 GB,4GB 2Rx8 PC3L-10600R ECC,1 x 460,Huawei P/N PW98080438,"1 x 160GB SSD 2.5&quot; SATA, Huawei P/N 02310KSX",Integrated SATA controller,1 x Dual-port Intel 82580 Gigabit Ethernet controller,2/2/1,1000,,,,No,,Power Saver enabled in OS,Microsoft Windows Server 2008 Enterprise x64 Edition,R2 SP1,NTFS,Oracle Corporation,"Oracle Java HotSpot(TM) 64-Bit Server VM on Windows, version 1.6.0_30",-server -Xmx1600m -Xms1600m -Xmn1200m -XX:ParallelGCThreads=2 -XX:SurvivorRatio=60 -XX:TargetSurvivorRatio=90 -XX:InlineSmallCode=3900 -XX:MaxInlineSize=270 -XX:FreqInlineSize=2500 -XX:AllocatePrefetchDistance=256 -XX:AllocatePrefetchLines=4 -XX:InitialTenuringThreshold=12 -XX:MaxTenuringThreshold=15 -XX:LoopUnrollLimit=45 -XX:+UseCompressedStrings -XX:+AggressiveOpts -XX:+UseLargePages -XX:+UseParallelOldGC,"start /affinity [0x0F,0xF0,0xF00,0xF000,0xF0000,0xF00000,0xF000000,0xF0000000]",8,1600,1600,64,V018,3.02,SSJ 1.2.9,Controller,,;;;Hardware prefetcher -disabled.;;;Adjacent Cache Line Prefetch -disabled.;;;DCU Streamer Prefetcher -disabled.;;;Intel HT Technology -enabled.;;;Turbo mode -enabled.;;;C-state -enabled.;;;Power Mode -Efficiency.;;;QPI Link  Speed -6.4GT/s.;;;Memory Frequency Limit -1333MHz.;;;Demand Scrubbing -disabled.;;;USB configuration EHCI 2 -disabled.,none,";;;The test was started via Remote Desktop.;;;Minimum Processor State: 0%.;;;Maximum Processor State: 100%.;;;Turn off hard disk after 1 minute .;;;Each JVM instance was affinitized to four logical processors.;;;Using the local security settings console, &quot;lock pages in memory&quot; was enabled for the user running the benchmark.",13978582035362841580,May,2012,intel,xeone5-2450l,,16,2,32,1.0,460.0,xeon,256.0,20000.0,sandybridge,70.0,True,True,,,True,,False,60,108.0,60,16.0,16,2012,70.0,108.0
3428,Hewlett-Packard Company,3,Single Node,Hewlett-Packard Company,"Houston, TX","Dec 19, 2008",Nov-2008,Apr-2008,"Jan 14, 2009",Single Supplier,Server,Line-powered,Hewlett-Packard Company,"ProLiant DL365 G5 (2.70GHz, AMD Opteron processor 2384)",--,AMD Opteron 2384,"2.7GHz, 6 MB L3 shared",2700,"8 cores, 2 chips, 4 cores/chip",8 (1 / core),"1,2 chips",64 KB I + 64 KB D on chip per core,512 KB I+D on chip per core,6 MB I+D on chip per chip,,8.0,4 x 2048 MB,"PC2-6400P CL5 LP; slots 1,2,5,6 populated",1 x 700,HP Part# 393527-001,"1 x 120GB HP, 1.5G, 5.4 K RPM 2.5&quot; SATA",1 x HP Smart Array P400i,2 x NC373i NIC,2/2/1,1000,KVM,KVM,KVM,Yes,,HP Dynamic Power Regulator enabled,Microsoft Windows Server 2003 x64 Enterprise Edition,R2,NTFS,"BEA Systems,Inc.","BEA JRockit(R) (build P27.5.0-5-97156-1.6.0_03-20080403-1524-windows-x86_64, compiled mode)","-Xms3500m -Xmx3500m -Xns3100m -XXaggressive -XlargePages -XXthroughputCompaction -XXcallprofiling -XXlazyUnlocking -Xgc:genpar -XXgcthreads:4 -XXtlasize:min=12k,preferred=1024k",Used &quot;start /affinity&quot; with &quot;0xf&quot; and &quot;0xf0&quot; CPU masks.,4,3500,3500,64,--,--,SSJ 1.1.3,Controller,,--,--,";;;Each JVM instance was affinitized to a socket.;;;Using the local security settings console, &quot;lock pages in memory&quot; was enabled for the user running the benchmark.",3013814970280397776,Nov,2008,amd,opteron2384,,8,2,8,1.0,700.0,opteron,512.0,6000.0,opteron,115.0,,,,,,,,50,211.0,50,8.0,8,2008,115.0,211.0
3532,Fujitsu,19,Single Node,Fujitsu,"Paderborn, NRW, Germany","Dec 12, 2015",Feb-2016,Jan-2015,"Jan 7, 2016",Single Supplier,Server,Line-powered,Fujitsu,FUJITSU Server PRIMERGY TX1330 M2,Tower,Intel Xeon E3-1240L v5,"4-Core, 2.10GHz, 8MB L3 Cache (Turbo Boost Technology up to 3.20 GHz)",2100,"4 cores, 1 chip, 4 cores/chip",8 (2 / core),1 chip,32 KB I + 32 KB D on chip per core,256 KB I+D on chip per core,8 MB I+D on chip per chip,,16.0,2 x 8192 MB,"8 GB DDR4, unbuffered, ECC, 2133 MHz, PC4-2133U, DIMM, 2Rx8; slots 1A, 1B populated",1 x 300,Standard power supply part of base unit S26361-K1552-V101,"1 x SSD SATA 6G 64GB DOM N H-P, S26361-F5522-E64",Integrated SATA Controller,2 x Intel I210 Gigabit Network Connection (onboard),1/1/1,1000,,,,No,,Enabled (&quot;Fujitsu Enhanced Power Settings&quot; power plan),Microsoft Windows Server 2012 R2 Standard,Version 6.3.9600 Build 9600,NTFS,Oracle Corporation,"Oracle Java HotSpot(TM) 64-Bit Server VM (build 24.80-b11, mixed mode), version 1.7.0_80",-server -Xmn10g -Xms12g -Xmx12g -XX:SurvivorRatio=60 -XX:TargetSurvivorRatio=90 -XX:AllocatePrefetchDistance=256 -XX:AllocatePrefetchLines=4 -XX:LoopUnrollLimit=45 -XX:InitialTenuringThreshold=12 -XX:MaxTenuringThreshold=15 -XX:ParallelGCThreads=8 -XX:InlineSmallCode=3900 -XX:MaxInlineSize=270 -XX:FreqInlineSize=2500 -XX:+AggressiveOpts -XX:+UseLargePages -XX:+UseParallelOldGC -XX:-UseAdaptiveSizePolicy,,1,12000,12000,64,R1.6.0,8.10F,SSJ 1.2.10,Controller,,;;;Set &quot;Hardware Prefetcher = Disabled&quot; in BIOS.;;;Set &quot;Adjacent Cache Line Prefetch = Disabled&quot; in BIOS.;;;Set &quot;DCU Streamer Prefetcher = Disabled&quot; in BIOS.;;;Set &quot;ASPM Support = Auto&quot; in BIOS.;;;Set &quot;DMI Control = Gen1&quot; in BIOS.;;;Set &quot;Intel Virtualization Technology = Disabled&quot; in BIOS.;;;Set &quot;LAN 2 Controller = Disabled&quot; in BIOS.,,";;;Set &quot;Turn off hard disk after = 1 Minute&quot; in OS.;;;Using the local security settings console, &quot;lock pages in memory&quot; was enabled for the user running the benchmark.;;;Benchmark was started via Windows Remote Desktop Connection.",3897621948668396830,Feb,2016,intel,xeone3-1240lv5,,4,1,8,1.0,300.0,xeon,256.0,8000.0,skylake,25.0,,,,,,,False,50,27.0,50,16.0,4,2016,25.0,27.0
1153,Sugon,9046,Single Node,Sugon,"Beijing, CHN","May 27, 2018",Feb-2018,Jan-2018,"Aug 15, 2018",Single Supplier,Server,Line-powered,Sugon,I620-G30 (Intel Xeon Gold 6152),2U,Intel Xeon Gold 6152,"44-Core, 2.1GHz, 30.25MB L3 Cache",2100,"44 cores, 2 chips, 22 cores/chip",88 (2 / core),"1,2 chips",32 KB I + 32 KB D on chip per core,1 MB I+D on chip per core,30976 KB I+D on chip per chip,,192.0,12 x 16 GB,16GB 2Rx8 PC4-2666V-R(P/N:M393A2K43CB2-CTD6Q); slots DIMM_CPU[0-1]_[A-F]0 populated,1 x 550,ARTESYN 550W PSU(P/N:CSU550AP-3-200),1 x 120GB M.2 SATA SSD(P/N:SU120GBSS3M55M28NE),Integrated onboard SATA controller,1 x Integrated onboard Ethernet 1Gb with 2-port RJ45 Adapter,2/1/1,1000,,,,No,,Enabled (see SUT Notes),Microsoft Windows Server 2012 R2 Datacenter,Version 6.3 (Build 9600),NTFS,Oracle Corporation,"Oracle Java HotSpot(TM) 64-Bit Server VM (build 24.80-b11, mixed mode), version 1.7.0_80",-server -Xmn1300m -Xms1550m -Xmx1550m -XX:SurvivorRatio=1 -XX:TargetSurvivorRatio=99 -XX:ParallelGCThreads=2 -XX:AllocatePrefetchDistance=256 -XX:AllocatePrefetchLines=4 -XX:LoopUnrollLimit=45 -XX:InitialTenuringThreshold=12 -XX:MaxTenuringThreshold=15 -XX:InlineSmallCode=3900 -XX:MaxInlineSize=270 -XX:FreqInlineSize=2500 -XX:+AggressiveOpts -XX:+UseLargePages -XX:+UseParallelOldGC,"start /NODE [0,1,2,3] /AFFINITY [0x3,0xC,0x30,0xC0,0x300,0xC00,0x3000,0xC000,0x30000,0xC0000,0x300000]",44,1550,1550,64,JGS012,Ver 0.70,SSJ 1.2.10,Controller,,";;;The BIOS option of ""Sugon Performance Profile"" set as ""Energy-Efficient Mode"". When the system is running at ""Energy-Efficient Mode"", the BIOS will be set for power saving usage and the following options will be altered from Default value:;;;Turbo Boost Technoloy=Disabled;;;HW Prefetcher=Disabled;;;Ajacent Sector Prefetch=Disabled;;;DCU Stream Prefetcher=Disabled;;;UPI Link Frequency Select=9.6 GT/s;;;C0M0/EMS Console Redirection = Disabled;;;SNC=Enabled;;;IMC Interleaving=1-way Interleave;;;Patrol Scrub=Disable;;;EIST PSD Function=SW_ALL;;;Hardware P-States=Disabled;;; Package C State=No Limit;;;USB SS Physical Connector [0-9] = Disabled;;;Socket 0,1 Pcie Port[ 1A, 2A, 3A, 3B, 3C, MCP 0, MCP 1.D-State=D3 Hot;;;Workload Configuration=NUMA;;;PCH DMI ASPM = ASPM L1",;;;Fan speed set as &quot;Silent Mode&quot;,";;;Using the local security settings console, &quot;lock pages in memory&quot; was enabled for the user running the benchmark.;;;SPECpower_ssj.props input.load_level.number_warehouses set to 88 due to a known inconsistency in processor reporting with this Java version.;;;Run initiated via Windows Remote Desktop Connection;;;Windows Power Options=Balanced Mode;;;No: The test sponsor attests, as of date of publication, that CVE-2017-5754 (Meltdown) is mitigated in the system as tested and documented.;;;No: The test sponsor attests, as of date of publication, that CVE-2017-5753 (Spectre variant 1) is mitigated in the system as tested and documented.;;;No: The test sponsor attests, as of date of publication, that CVE-2017-5715 (Spectre variant 2) is mitigated in the system as tested and documented.",17768187600261373971,Feb,2018,intel,xeongold6152,,44,2,88,1.0,550.0,xeon,1000.0,30976.0,skylake,140.0,,,,False,True,,False,90,334.0,90,192.0,44,2018,140.0,334.0
1407,"Huawei Technologies Co., Ltd",3175,Single Node,"Huawei Technologies Co., Ltd","Shenzhen, Guangdong, China","Jun 11, 2012",Jun-2012,Dec-2011,"Jun 28, 2012",Single Supplier,Server,Line-powered,"Huawei Technologies Co., Ltd",RH2485 V2,2U,Intel Xeon E5-4640,"8-Core, 2.40 GHz, 20 MB L3 Cache (Turbo Boost Technology up to 2.80 GHz)",2400,"32 cores, 4 chips, 8 cores/chip",64 (2 / core),"1,2,3,4 chips",32 KB I + 32 KB D on chip per core,256 KB I+D on chip per core,20 MB I+D on chip per chip,,48.0,12 x 4 GB,4GB 2Rx8 PC3L-10600R ECC,1 x 750,Huawei P/N 98080310,"1 x 160GB SSD 2.5&quot; SATA, Huawei P/N 02310KSX",Integrated SATA controller,1 x Dual-port Intel 82580 Gigabit Ethernet controller,2/2/1,1000,,,,No,,Power Saver enabled in OS,Microsoft Windows Server 2008 Enterprise x64 Edition,R2 SP1,NTFS,Oracle Corporation,"Oracle Java HotSpot(TM) 64-Bit Server VM on Windows, version 1.6.0_30",-server -Xmx1600m -Xms1600m -Xmn1200m -XX:ParallelGCThreads=2 -XX:SurvivorRatio=60 -XX:TargetSurvivorRatio=90 -XX:InlineSmallCode=3900 -XX:MaxInlineSize=270 -XX:FreqInlineSize=2500 -XX:AllocatePrefetchDistance=256 -XX:AllocatePrefetchLines=4 -XX:InitialTenuringThreshold=12 -XX:MaxTenuringThreshold=15 -XX:LoopUnrollLimit=45 -XX:+UseCompressedStrings -XX:+AggressiveOpts -XX:+UseLargePages -XX:+UseParallelOldGC,"start /affinity [0xF,0xF0,0xF00,0xF000,0xF0000,0xF00000,0xF000000,0xF0000000,0xF00000000,0xF000000000,0xF0000000000,0xF00000000000,0xF000000000000,0xF0000000000000,0xF00000000000000,0xF000000000000000]",16,1600,1600,64,V023,3.00,SSJ 1.2.9,Controller,,;;;Hardware prefetcher -disabled.;;;Adjacent Cache Line Prefetch -disabled.;;;DCU Streamer Prefetcher -disabled.;;;Intel HT Technology -enabled.;;;Turbo mode -enabled.;;;C-state -enabled.;;;Power Mode -Efficiency.;;;QPI Link  Speed -6.4GT/s.;;;Memory Frequency Limit -1333MHz.;;;Demand Scrubbing -disabled.;;;USB configuration EHCI 2 -disabled.,none,";;;The test was started via Remote Desktop.;;;Minimum Processor State: 0%.;;;Maximum Processor State: 100%.;;;Turn off hard disk after 1 minute .;;;Each JVM instance was affinitized to four logical processors.;;;Using the local security settings console, &quot;lock pages in memory&quot; was enabled for the user running the benchmark.",8921546586854806100,Jun,2012,intel,xeone5-4640,,32,4,64,1.0,750.0,xeon,256.0,20000.0,sandybridge,95.0,True,True,,,True,,False,80,316.0,80,48.0,32,2012,95.0,316.0
4233,Inspur Corporation,3358,Single Node,Inspur Corporation,"JINAN, CHINA","May 29, 2018",Mar-2018,Jan-2015,"Aug 1, 2018",Single Supplier,Server,Line-powered,Inspur Corporation,Inspur NF5180M5,1U,Intel Xeon Platinum 8176 CPU 2.10 GHz (Intel Turbo Boost Technology up to 2.80 GHz),"28-Core, 2.1GHz, 38.5MB L3 Cache",2100,"56 cores, 2 chips, 28 cores/chip",112 (2 / core),"1,2 chips",32 KB I + 32 KB D on chip per core,1 MB I+D on chip per chip,39424 KB I+D on chip per chip,,192.0,12 x 16 GB,"12 x 16GB 2Rx8 PC4-2666V ECC RDIMM;slots CPU0_C0D0,CPU0_C1D0, CPU0_C2D0, CPU0_C3D0, CPU0_C4D0, CPU0_C5D0, CPU1_C0D0,CPU1_C1D0, CPU1_C2D0, CPU1_C3D0, CPU1_C4D0, CPU1_C5D0 populated",,Delta DPS-800AB-9X P/N:V07LP0400000000F,Intel SSD DC S3500  Series 6Gb/s 80G PN:ZMHD1000018,Integrated SATA Controller,1 x Intel I350,2/2/1,1000,,,,No,,Enabled (&quot;Balanced Power&quot; power plan),Microsoft Windows Servers 2012 R2 Standard,Version 6.3.9600 Build 9600,NTFS,Oracle Corporation,"Oracle Java HotSpot(TM)64-Bit Server VM(build 24.80-b11,mixed mode),version 1.7.0_80",-server -Xmn1300m -Xms1550m -Xmx1550m -XX:SurvivorRatio=1 -XX:TargetSurvivorRatio=99 -XX:ParallelGCThreads=2 -XX:AllocatePrefetchDistance=256 -XX:AllocatePrefetchLines=4 -XX:LoopUnrollLimit=45 -XX:InitialTenuringThreshold=12 -XX:MaxTenuringThreshold=15 -XX:InlineSmallCode=3900 -XX:MaxInlineSize=270 -XX:FreqInlineSize=2500 -XX:+AggressiveOpts -XX:+UseLargePages -XX:+UseParallelOldGC,"start /NODE [0,2] /AFFINITY [3,C,30,C0,C000,30000,C0000,30000000,C0000000,300000000,C00000000,C0000000000,300000000000,C00000000000];start /NODE [1,3] /AFFINITY [3,C,30,3000,C000,30000,C0000,30000000,C0000000,300000000,30000000000,C0000000000,300000000000,C00000000000]",56,1550,1550,64,4.0.2,3.3.0,SSJ 1.2.10,Controller,"Applied the OS patches: KB4056898, update system FW by:http://en.inspur.com/inspur/495255/494903/2412331/index.html",";;;Set ""Hardware Prefetcher = Disabled"" in BIOS.;;;Set ""Adjacent Cache  Prefetcher = Disabled"" in BIOS.;;;Set ""DCU Streamer Prefetcher = Disabled"" in BIOS.;;;Set ""Onboard USB Controllers = Disabled"" in BIOS;;;Set ""Turbo mode = enabled"" in BIOS;;;Set ""IMC (Integrated memory controller) Interleaving 1-way"" in BIOS;;;Set ""Sub NUMA Cluster (SNC) = Enable"" in BIOS;;;Set ""Energy Performance BIAS = Balanced Power"" in BIOS;;;Set ""Enhanced Halt State (C1E) = Enabled"" in BIOS;;;Set ""Intel Virtualization Technology = Disabled"" in BIOS",none,";;;Set ""Turn off hard disk after = 1 Minute"" in OS.;;;Minimum Processor State:0%.;;;Maximum Processor State:100%.;;;Using the local security settings console, &quot;lock pages in memory&quot; was enabled for the user running the benchmark.;;;Benchmark was started via Windows Remote Desktop Connection.;;;Each JVM instance was affinitized to 2 logical processors;;;Yes: The test sponsor attests, as of date of publication, that CVE-2017-5754 (Meltdown) is mitigated in the system as tested and documented;;;Yes: The test sponsor attests, as of date of publication, that CVE-2017-5753 (Spectre variant 1) is mitigated in the system as tested and documented;;;Yes: The test sponsor attests, as of date of publication, that CVE-2017-5715 (Spectre variant 2) is mitigated in the system as tested and documented",3196574731011445903,Mar,2018,intel,xeonplatinum8176,2.8,56,2,112,,,xeon,1000.0,39424.0,skylake,165.0,True,,,,,,False,40,193.0,40,192.0,56,2018,165.0,193.0
2392,IBM Corporation,11,Single Node,IBM Corporation,"Nangang, Taipei, Taiwan","Mar 9, 2010",Jun-2010,Oct-2009,"Apr 7, 2010",Single Supplier,Server,Line-powered,IBM Corporation,IBM System x3550 M3,1U,Intel Xeon X5670,"Six-Core, 2.93GHz, 12MB L3 Cache",2933,"12 cores, 2 chips, 6 cores/chip",24 (2 / core),"1,2 chips",32 KB I + 32 KB D on chip per core,256 KB I+D on chip per core,12 MB I+D on chip per chip,,12.0,6 x 2048 MB,"2GB 2Rx8 PC3L-10600R ECC; slots 3, 6, 9, 12, 15 and 18 populated",1 x 675,IBM P/N 46M1075,"1 x 50GB SATA SSD, IBM Feature code 5197",Integrated SATA controller,2 x Integrated Broadcom NetXtreme II Gigabit NIC,1/1/1,1000,KVM,KVM,KVM,No,,Enabled (See SUT Note),Microsoft Windows Server 2008 Enterprise Edition x64,R2,NTFS,IBM Corporation,IBM J9 VM (build pwa6460sr5-20090529_04(SR5)),-Xaggressive -Xcompressedrefs -Xgcpolicy:gencon -Xmn1100m -Xms1500m -Xmx1500m -XlockReservation -Xnoloa -XtlhPrefetch -Xlp,"start /affinity [F, F0, F00, F000, F0000, F00000]",6,1500,1500,64,D6E145W,YUOO57G,SSJ 1.2.6,Controller,,See SUT Notes,,";;;Each JVM instance was affinitized four threads on a single socket.;;;Using the local security settings console, &quot;lock pages in memory&quot; was enabled for the user running the benchmark.;;;Screen Saver: None;;;OS Power Scheme ;;;Power Option: Power Saver;;;Minimum Processor State: 0%;;;Maximum Processor State: 100%;;;Turn off hard disk after 1 minute ;;;BIOS Settings ;;;CPU C-State: Enable;;;CPU Frequency Select: Power Efficiency;;;Processor Data Prefetch: Disabled;;;Data Reuse Optimization: Disabled;;;Demand Scrub: Disabled;;;Commands on USB Interface: Disabled;;;Disabled Slot 2 and Ethernet 2",16208505198889708018,Jun,2010,intel,xeonx5670,,12,2,24,1.0,675.0,xeon,256.0,12000.0,nehalem,95.0,,,,,True,,False,70,191.0,70,12.0,12,2010,95.0,191.0
5491,SGI,4,Single Node,SGI,"Mountain View,CA, USA","May 16, 2008",Feb-2008,Apr-2008,"Jun 4, 2008",Single Supplier,Server,Line-powered,SGI,Altix XE250 (Intel Xeon processor E5472),--,Intel Xeon E5472,"3.0 GHz, 12 MB L2 Cache, Quad-Core, 1600 MHz System Bus",3000,"8 cores, 2 chips, 4 cores/chip",8 (1 / core),"1,2 chips",32 KB I + 32 KB D on chip per core,"12 MB I+D on chip per chip, 6 MB shared / 2 cores",,,16.0,4x4096 MB,"SGI part # 9010134, 4GB, DDR2, 800, CL5, ECC Slots: 1A, 2A, 3A, 4A",1 x 900,SGI part # 060-0276-001,1 x Seagate 300GB 15K RPM SAS,LSI Logic SAS1068E SAS,"Integrated  2 x Intel Gigabit Ethernet 82575EB, igb driver",2/2/1,1000,,,,,,Enabled(See SUT Notes),SUSE Linux Enterprise Server 10 (x86_64),10 SP1,xfs,"BEA Systems, Inc","BEA JRockit(R) (build P27.5.0-5-97156-1.6.0_03-20080403-1523-linux-x86_64, compiled mode)","-Xms3400m -Xns3200m -Xmx3400m -XXaggressive -XXlazyunlocking -XXthroughputcompaction -Xlargepages -Xgc:genpar -XXcallprofiling -XXtlasize:min=4k,preferred=1024k","numactl --physcpubind[0,2][4,6][1,3][5,7]",8,3400,3400,64,--,--,SSJ 1.1,Controller,,--,--,";;;Each JVM instance was affinitized to a pair of cores in a socket.;;;Huge pages were enabled in the OS using the following commands;;;echo ""7100"" > /proc/sys/vm/nr_hugepages;;;mount -t hugetlbfs nodev /mnt/hugepages;;;Disabled 'Hardware Prefetcher', 'Adjacent Cache  Line Prefetch' and 'Snoop Filter"" options in  BIOS;;;Enabled C1E, EIST and variable Fan Speed Control options in BIOS;;;Power Managment Settings;;;Adjusted the CPU utilization threshold for P-state transitions to maximum frequency with: echo ""90"">/sys/devices/system/cpu/cpu*/cpufreq/ondemand/up_threshold (default 20);;;Adjusted the CPU utilization sampling rate for P-state transitions with: echo ""20000000"">/sys/devices/system/cpu/cpu*/cpufreq/ondemand/sampling_rate (default 330000);;;Benchmark was run via LAN",2043691584788326098,Feb,2008,intel,xeone5472,,8,2,8,1.0,900.0,xeon,12000.0,,core,80.0,,,,,,,,20,224.0,20,16.0,8,2008,80.0,224.0
5453,Inspur Corporation,3358,Single Node,Inspur Corporation,"JINAN, CHINA","Sep 16, 2019",Jun-2019,Sep-2019,"Oct 9, 2019",Single Supplier,Server,Line-powered,Inspur Corporation,Inspur NF5280M5,2U,Intel Xeon Platinum 8276L,"28-Core, 2.20GHz, 38.5MB L3 Cache",2200,"56 cores, 2 chips, 28 cores/chip",112 (2 / core),"1,2 chips",32 KB I + 32 KB D on chip per core,1 MB I+D on chip per core,39424 KB I+D on chip per chip,,192.0,12 x 16 GB,"12 x 16GB 2Rx8 PC4-2933Y ECC RDIMM;slots CPU0_C0D0,CPU0_C1D0, CPU0_C2D0, CPU0_C3D0, CPU0_C4D0, CPU0_C5D0, CPU1_C0D0,CPU1_C1D0, CPU1_C2D0, CPU1_C3D0, CPU1_C4D0, CPU1_C5D0 populated",,Delta DPS-800AB-9X P/N:V07LP0400000000F,Intel SSD DC S3500  Series 6Gb/s 80G PN:ZMHD1000018,Integrated SATA Controller,1 x Intel I350 Gigabit Ethernet controller,2/2/1,1000,,,,No,,Enabled (&quot;Balanced Power&quot; power plan),Microsoft Windows Servers 2012 R2 Datacenter,Version 6.3.9600.18969,NTFS,Oracle Corporation,"Oracle Java HotSpot(TM)64-Bit Server VM(build 24.80-b11,mixed mode),version 1.7.0_80",-server -Xmn1300m -Xms1550m -Xmx1550m -XX:SurvivorRatio=1 -XX:TargetSurvivorRatio=99 -XX:ParallelGCThreads=28 -XX:AllocatePrefetchDistance=256 -XX:AllocatePrefetchLines=4 -XX:LoopUnrollLimit=45 -XX:InitialTenuringThreshold=12 -XX:MaxTenuringThreshold=15 -XX:InlineSmallCode=3900 -XX:MaxInlineSize=270 -XX:FreqInlineSize=2500 -XX:+AggressiveOpts -XX:+UseLargePages -XX:+UseParallelOldGC,"start /NODE [0,2] /AFFINITY [3,C,30,C0,C000,30000,C0000,30000000,C0000000,300000000,C00000000,C0000000000,300000000000,C00000000000];start /NODE [1,3] /AFFINITY [3,C,30,3000,C000,30000,C0000,30000000,C0000000,300000000,30000000000,C0000000000,300000000000,C00000000000]",56,1550,1550,64,4.1.7,4.24.0,SSJ 1.2.10,Controller,Microsoft Windows KB4056898,";;;Set ""Hardware Prefetcher = Disabled"" in BIOS.;;;Set ""Adjacent Cache  Prefetcher = Disabled"" in BIOS.;;;Set ""DCU Streamer Prefetcher = Disabled"" in BIOS.;;;Set ""Turbo mode = Disabled"" in BIOS;;;Set ""IMC (Integrated memory controller) Interleaving 1-way"" in BIOS;;;Set ""Sub NUMA Cluster (SNC) = Enable"" in BIOS;;;Set ""C-state = Enabled"" in BIOS;;;Set ""Monitor/Mwait = Enabled"" in BIOS;;;Set ""Memory Patrol Scrub = Disabled"";;;Set ""Energy Performance BIAS = Balanced Power"" in BIOS;;;Set ""Enhanced Halt State (C1E) = Enabled"" in BIOS",none,";;;Set ""Turn off hard disk after = 1 Minute"" in OS.;;;Minimum Processor State:0%.;;;Maximum Processor State:100%.;;;Using the local security settings console, &quot;lock pages in memory&quot; was enabled for the user running the benchmark.;;;Benchmark was started via Windows Remote Desktop Connection.;;;Each JVM instance was affinitized to 2 logical processors;;;Yes: The test sponsor attests, as of date of publication, that CVE-2017-5754 (Meltdown) is mitigated in the system as tested and documented;;;Yes: The test sponsor attests, as of date of publication, that CVE-2017-5753 (Spectre variant 1) is mitigated in the system as tested and documented;;;Yes: The test sponsor attests, as of date of publication, that CVE-2017-5715 (Spectre variant 2) is mitigated in the system as tested and documented;;;Enable protection against speculative execution side-channel vulnerabilities according to Microsoft guidance: https://support.microsoft.com/en-us/help/4072698/windows-server-speculative-execution-side-channel-vulnerabilities-prot (Last Updated: Sep 11, 2019);;;reg add ""HKEY_LOCAL_MACHINE\SYSTEM\CurrentControlSet\Control\Session Manager\Memory Management"" /v FeatureSettingsOverride /t REG_DWORD /d 0 /f;;;reg add ""HKEY_LOCAL_MACHINE\SYSTEM\CurrentControlSet\Control\Session Manager\Memory Management"" /v FeatureSettingsOverrideMask /t REG_DWORD /d 3 /f",15127463488672354267,Jun,2019,intel,xeonplatinum8276l,,56,2,112,,,xeon,1000.0,39424.0,cascadelake,165.0,True,,,False,True,,False,20,128.0,20,192.0,56,2019,165.0,128.0
2859,Acer Incorporated,97,Single Node,Acer Incorporated,"Taipei, Taiwan, R.O.C.","Nov 14, 2008",Sep-2008,Sep-2008,"Dec 4, 2008",Single Supplier,Server,Line-powered,Acer Incorporated,Altos R720,--,Intel Xeon L5430,"2.66 GHz, 2x6 MB L2 shared, 1333 MHz system bus",2667,"8 cores, 2 chips, 4 cores/chip",8 (1 / core),"1,2 chips",32 KB I + 32 KB D on chip per core,"12 MB I+D on chip per chip, 6 MB shared / 2 cores",,,8.0,2 x 4 GB,"DDR2-667 CL5 FBDIMM; slots 1, 5 populated",1 x 750,DELTA DPS-750EB Redundant Power Supply,1 x Seagate ST3160815AS 160GB 7200 RPM SATA,onboard SATA controller,2 x onboard Intel PRO/1000 gigabit network interface controller with Intel I/O Acceleration Technology,2/2/1,1000,KVM,KVM,KVM,Yes,,Enabled (Server Balanced Processor Power and Performance),Microsoft Windows Server 2003 x64 Enterprise Edition,R2 SP2,NTFS,Oracle Corporation,"Oracle JRockit(R) (build R27.6.0-50_o-100423-1.6.0_05-20080626-2105-windows-x86_64, compiled mode)","-Xms1600m -Xmx1600m -Xns1300m -XXaggressive -XXlargePages -XXthroughputCompaction -XXcallprofiling -XXlazyUnlocking -Xgc:genpar -XXgcthreads:2 -XXtlasize:min=12k,preferred=256k","start /affinity [03, 0C, 30, C0]",8,1600,1600,64,--,--,SSJ 1.1.3,Controller,,--,--,";;;Each JVM instance was affinitized to a pair of cores in a socket.;;;Using the local security settings console, &quot;lock pages in memory&quot; was enabled for the user running the benchmark.;;;&quot;Adjacent Sector Prefetcher&quot; was disabled in BIOS.;;;&quot;Hardware Prefetch&quot; was disabled in BIOS.;;;&quot;High Bandwidth&quot; was Enabled in BIOS.;;;&quot;Enhanced Speedstep Technology&quot; was enabled in BIOS.;;;Each JVM instance was affinitized to a socket.;;;Using the local security settings console, &quot;lock pages in memory&quot; was enabled for the user running the benchmark.",3251032048844449961,Sep,2008,intel,xeonl5430,,8,2,8,1.0,750.0,xeon,12000.0,,core,50.0,,,,,,,,60,176.0,60,8.0,8,2008,50.0,176.0
3846,Fujitsu,19,Single Node,Fujitsu,"Paderborn, NRW, Germany","May 23, 2011",Jun-2011,Apr-2011,"Jun 16, 2011",Single Supplier,Server,Line-powered,Fujitsu,PRIMERGY TX120 S3 (Intel Xeon E3-1260L),Tower,Intel Xeon E3-1260L,"Quad-Core, 2.40GHz, 8MB L3 Cache",2400,"4 cores, 1 chip, 4 cores/chip",8 (2 / core),1 chip,32 KB I + 32 KB D on chip per core,256 KB I+D on chip per core,8 MB I+D on chip per chip,,8.0,2 x 4096 MB,"4GB 2Rx8 PC3L-10600E ECC CL9; slots 1A, 1B populated",1 x 250,Fujitsu Technology Solutions S26113-E565-V70-01,"1 x Intel 64GB, SSD, 2.5&quot; SATA (Fujitsu S26361-F3298-E64)",Integrated SATA Controller,1 x Intel 82574L and 1 x Intel 82579LM Gigabit Network Connection (onboard),1/1/1,1000,,,,No,,Enabled (&quot;Fujitsu Enhanced Power Settings&quot; power plan),Microsoft Windows Server 2008 R2 Enterprise with SP1,Version 6.1.7601 Service Pack 1 Build 7601,NTFS,Oracle Corporation,"Oracle Java HotSpot(TM) 64-Bit Server VM on Windows, version 1.6.0_25",-server -Xmx6g -Xms6g -Xmn5g -XX:SurvivorRatio=55 -XX:TargetSurvivorRatio=90 -XX:ParallelGCThreads=8 -XX:AllocatePrefetchDistance=256 -XX:AllocatePrefetchLines=4 -XX:LoopUnrollLimit=45 -XX:InitialTenuringThreshold=12 -XX:MaxTenuringThreshold=15 -XX:InlineSmallCode=3900 -XX:MaxInlineSize=270 -XX:FreqInlineSize=2500 -XX:+UseLargePages -XX:+UseParallelOldGC -XX:+UseCompressedStrings -XX:+AggressiveOpts,,1,6144,6144,64,1.2,6.19A,SSJ 1.2.6,Controller,,;;;Set &quot;Intel Turbo Boost Technology = Disabled&quot; in BIOS.;;;Set &quot;SATA Mode = AHCI Mode&quot; in BIOS.;;;Set &quot;Adjacent Sector Prefetch = Disabled&quot; in BIOS.;;;Set &quot;Hardware Prefetch = Disabled&quot; in BIOS.;;;Set &quot;DCU Streamer Prefetch = Disabled&quot; in BIOS.;;;Set &quot;USB Host Controller = Disabled&quot; in BIOS.,,";;;Set &quot;System Idle Power Saver = Enabled&quot; in LAN configuration.;;;Set &quot;Turn off hard disk after = 1 Minute&quot; in OS.;;;Using the local security settings console, &quot;lock pages in memory&quot; was enabled for the user running the benchmark.;;;Benchmark was started via Windows Remote Desktop Connection.",6300500835400644513,Jun,2011,intel,xeone3-1260l,,4,1,8,1.0,250.0,xeon,256.0,8000.0,sandybridge,45.0,,,,False,,,False,40,30.5,40,8.0,4,2011,45.0,30.5
3916,Fujitsu Siemens Computers,22,Single Node,Fujitsu Siemens Computers,"Paderborn, Germany","Nov 29, 2007",Feb-2008,Nov-2007,"Dec 11, 2007",Single Supplier,Server,Line-powered,Fujitsu Siemens Computers,PRIMERGY TX150 S6 (Intel Xeon X3220),--,Intel Xeon X3220,"2.4 GHz, 2x4 MB L2C shared, 1066MHz system bus",2400,"4 cores, 1 chip, 4 cores/chip",4 (1 / core),1,32 KB I + 32 KB D on chip per core,"8 MB I+D on chip per chip, 4 MB shared / 2 cores",,,8.0,4x2048MB,PC2-6400E-666-12-G3 2R (Samsung),1 x 350,Fujitsu Siemens Computers S26113-E520-V70,"1 x Seagate ST3160815AS (SATA, 7.2krpm, 160GB)",Integrated SATA controller,Broadcom 5755 NetXtreme Gigabit Ethernet (onboard),1/1/1,1000,KVM,KVM,KVM,Yes,,Enabled (Server Balanced Power and Performance),Microsoft Windows Server 2003 Enterprise x64 Edition,5.2.3790 Service Pack 1 Build 3790,NTFS,"Bea Systems, Inc",BEA JRockit(R) (build P27.4.0-10-90053-1.6.0_02-20071009-1827-windows-x86_64),"-Xms3600m -Xns3000m -Xmx3600m -Xlargepages -XXaggressive -XXthroughputcompaction -XXlazyunlocking -XXcallprofiling -Xgc:genpar -XXgcthreads=2 -XXtlasize:min=4k,preferred=512k","start /affinity [03,0C]",4,3600,3600,64,--,--,SSJ 0.23,SUT,,--,--,";;;Each JVM instance was affinitized to two CPU cores.;;;Using the local security settings console, &quot;lock pages in memory&quot; was enabled for the user running the benchmark.;;;turned off 'Hardware Prefetcher' in BIOS;;;turned off 'Adjacent Sector Prefetcher' in BIOS;;;Command line options are described at:<br><a href=http://edocs.bea.com/jrockit/jrdocs/refman/intro.html>http://edocs.bea.com/jrockit/jrdocs/refman/intro.html</a>",1806866520283019239,Feb,2008,intel,xeonx3220,,4,1,4,1.0,350.0,xeon,8000.0,,core,100.0,,,,,,,,40,103.0,40,8.0,4,2008,100.0,103.0
101,Acer Incorporated,97,Single Node,Acer Incorporated,"San Jose, CA, USA","Mar 16, 2010",May-2010,Jun-2009,"Apr 21, 2010",Single Supplier,Server,Line-powered,Acer Incorporated,Acer AT350 F1,4U,Intel Xeon L5530,"Quad-Core, 2.40GHz, 8MB L3 Cache",2400,"8 cores, 2 chips, 4 cores/chip",16 (2 / core),"1,2 chips",32 KB I + 32 KB D on chip per core,256 KB I+D on chip per core,8 MB I+D on chip per chip,,8.0,4 x 2048 MB,2GB 2Rx8 PC3-10600E; slots 1A and 2A are populated on each processor,1 x 720,Supermicro PWS-721P-1R,1 x Intel X25-E Extreme 64 GB SLC SSD - SSDSA2SH064G1GC,Intel ICH10R SATA 3.0Gbps Controller,2 x Intel 82576 Gigabit Ethernet,2/2/1,1000,KVM,KVM,KVM,No,,Balanced power enabled in OS,"Windows Server 2008 x64, Enterprise Edition",SP2,NTFS,Oracle Corporation,"Oracle JRockit(R) 6 P28.0.0 (build P28.0.0-29-114096-1.6.0_11-20090427-1759-windows-x86_64, compiled mode)","-Xms1600m -Xmx1600m -Xns1500m -XXaggressive -XlargePages -XXthroughputCompaction -XXcallprofiling -XXlazyUnlocking -Xgc:genpar -XXgcthreads:4 -XXtlasize:min=12k,preferred=1024k","start /affinity [0xF, 0xF0, 0xF00, 0xF000]",4,1600,1600,64,D11 03/08/2010,1.00 03/15/2010,SSJ 1.2.6,SUT,,See SUT Notes,,";;;Each JVM instance was affinitized to a pair of cores.;;;Using the local security settings console, &quot;lock pages in memory&quot; was enabled for the user running the benchmark.;;;USB selective suspend setting - Enabled;;;Processor power management Maximum Processor state:100%;;;Processor power management Minimum Processor state:0%;;;Turn off hard disk after 1 minute.;;;Turn off display after 1 minute.;;;BIOS Settings;;;Load Optimal Defaults;;;Hardware Prefetcher - Disabled;;;Adjacent Cache Line Prefetch - Disabled;;;Intel Virtualization Technology - Disabled;;;Simultaneous Multi-Threading - Enabled;;;Turbo Mode - Disabled;;;Execute Disable Bit Capability - Disabled;;;AHCI - Enabled;;;Active State Power Management - Enabled;;;Memory Frequency - Force DDR1066;;;QPI Frequency - 4.8GT;;;QPI L0s and L1s - Enabled;;;Fan Mode - Energy Saving / ES",9179368947758652099,May,2010,intel,xeonl5530,,8,2,16,1.0,720.0,xeon,256.0,8000.0,nehalem,60.0,True,,,False,,,False,100,193.0,100,8.0,8,2010,60.0,193.0
4207,Acer Incorporated,97,Single Node,Acer Incorporated,"Taipei, Taiwan, R.O.C.","Jun 18, 2009",Mar-2009,Apr-2009,"Sep 23, 2009",Single Supplier,Server,Line-powered,Acer Incorporated,Altos G540 M2,5U,Intel Xeon X5570,"Quad-Core, 2.93GHz, 8MB L3 Cache",2930,"8 cores, 2 chips, 4 cores/chip",16 (2 / core),"1,2 chips",32 KB I + 32 KB D on chip per core,256 KB I+D on chip per core,8 MB I+D on chip per chip,,8.0,4 x 2 GB,"4 x 2 GB DDR3-1333 (PC3-10600) ECC CL9, slots A1, B1, D1 and E1 populated",1 x 600,Delta DPS-600SB B,1 x 64GB SATA SSD,Onboard SATA controller,2 x onboard Gigabit Ethernet NIC Controller,2/2/1,1000,KVM,KVM,KVM,Yes,,Enabled (Server Balanced Processor Power and Performance),Microsoft Windows Server 2008 x64 Enterprise Edition,SP2,NTFS,Oracle Corporation,"Oracle JRockit(R) (build P28.0.0-29-114096-1.6.0_11-20090427-1759-windows-x86_64, compiled mode)","-Xms3000m -Xmx3000m -Xns2700m -XXaggressive -XlargePages -XXthroughputCompaction -XXcallprofiling -XXlazyUnlocking -Xgc:genpar -XXgcthreads:8 -XXtlasize:min=12k,preferred=1024k","start /affinity [00FF,FF00]",2,3000,3000,64,P05,1.30,SSJ 1.2.6,SUT,,Please see SUT notes,,";;;Using the local security settings console, &quot;lock pages in memory&quot; was enabled for the user running the benchmark.;;;&quot;Adjacent Sector Prefetcher&quot; was disabled in BIOS.;;;&quot;Hardware Prefetch&quot; was disabled in BIOS.;;;&quot;Turbo Mode&quot; was disabled in BIOS.",6577577696391990813,Mar,2009,intel,xeonx5570,,8,2,16,1.0,600.0,xeon,256.0,8000.0,nehalem,95.0,,,,,,,,40,162.0,40,8.0,8,2009,95.0,162.0
4938,Acer Incorporated,97,Single Node,Acer Incorporated,"San Jose, CA, USA","Feb 25, 2010",May-2010,Jun-2009,"Apr 7, 2010",Single Supplier,Server,Line-powered,Acer Incorporated,Gateway GR380 F1,2U,Intel Xeon L5530,"Quad-Core, 2.40GHz, 8MB L3 Cache",2400,"8 cores, 2 chips, 4 cores/chip",16 (2 / core),"1,2 chips",32 KB I + 32 KB D on chip per core,256 KB I+D on chip per core,8 MB I+D on chip per chip,,8.0,4 x 2048 MB,2GB 2Rx8 PC3-10600E; slots 1A and 2A are populated on each processor,1 x 720,PWS-721P-1R,1 x Intel X25-E Extreme 64 GB SLC SSD - SSDSA2SH064G1GC,Intel ICH10R SATA 3.0Gbps Controller,4 x Intel 82576 Gigabit Ethernet,2/2/1,1000,KVM,KVM,KVM,No,,Balanced power enabled in OS,"Windows Server 2008 x64, Enterprise Edition",SP2,NTFS,Oracle Corporation,"Oracle JRockit(R) 6 P28.0.0 (build P28.0.0-29-114096-1.6.0_11-20090427-1759-windows-x86_64, compiled mode)","-Xms1600m -Xmx1600m -Xns1500m -XXaggressive -XlargePages -XXthroughputCompaction -XXcallprofiling -XXlazyUnlocking -Xgc:genpar -XXgcthreads:4 -XXtlasize:min=12k,preferred=1024k","start /affinity [0xF, 0xF0, 0xF00, 0xF000]",4,1600,1600,64,D07 02/25/2010,1.00 02/23/2010,SSJ 1.2.6,SUT,,See SUT Notes,,";;;Each JVM instance was affinitized to a pair of cores.;;;Using the local security settings console, &quot;lock pages in memory&quot; was enabled for the user running the benchmark.;;;USB selective suspend setting - Enabled;;;Processor power management Maximum Processor state:100%;;;Processor power management Minimum Processor state:0%;;;Turn off hard disk after 1 minute.;;;Turn off display after 1 minute.;;;BIOS Settings;;;Load Optimal Defaults;;;Hardware Prefetcher - Disabled;;;Adjacent Cache Line Prefetch - Disabled;;;Intel Virtualization Technology - Disabled;;;Simultaneous Multi-Threading - Enabled;;;Turbo Mode - Disabled;;;Execute Disable Bit Capability - Disabled;;;AHCI - Enabled;;;Active State Power Management - Enabled;;;Memory Frequency - Force DDR1066;;;QPI Frequency - 4.8GT;;;QPI L0s and L1s - Enabled;;;Fan Mode - Energy Saving / ES;;;NIC 3 & 4 - Disabled",11450170844410849704,May,2010,intel,xeonl5530,,8,2,16,1.0,720.0,xeon,256.0,8000.0,nehalem,60.0,True,,,False,,,False,30,128.0,30,8.0,8,2010,60.0,128.0
4871,IBM Corporation,11,Single Node,IBM Corporation,"Taipei, Taiwan","Oct 9, 2012",Aug-2012,Dec-2012,"Oct 31, 2012",Single Supplier,Server,Line-powered,IBM Corporation,IBM System x3650 M4,2U,Intel Xeon E5-2660 2.20 GHz (Intel Turbo Boost Technology up to 3.00 GHz),"8-Core, 2.20 GHz, 20MB L3 Cache",2200,"16 cores, 2 chips, 8 cores/chip",32 (2 / core),"1,2 chips",32 KB I + 32 KB D on chip per core,256 KB I+D on chip per core,20 MB I+D on chip per chip,,24.0,6 x 4096 MB,"4GB 2Rx8 PC3L-10600E; slots 1, 4, 12, 13, 16 and 24 populated",1 x 550,IBM 550w PSU(43X3311),"1 x 200GB SSD(x3650 M4 High Power Efficiency Kit, Feature Code: A2X1)",Integrated SATA controller,4 x Integrated Intel I350 Gigabit Ethernet Controller,1/1/1,1000,,,,No,,IBM Power Profile,Microsoft Windows Server 2008 Enterprise Edition x64,R2 SP1,NTFS,IBM Corporation,"IBM J9 VM (build 2.6, JRE 1.7.0 Windows Server 2008 R2 amd64-64 20120322_106209 (JIT enabled, AOT enabled)",-Xaggressive -Xcompressedrefs -Xmn1100m -Xms1500m -Xmx1500m -XlockReservation -Xnoloa -XtlhPrefetch -Xlp -Xconcurrentlevel0,"start /affinity [F,F0,F00,F000,F0000,F00000,F000000,F0000000]",8,1500,1500,64,VVE123D,1AOO31M,SSJ 1.2.9,Controller,IBM SDK Java Technology Edition Version 7.0 for Windows x64,";;;BIOS Settings;;;Operating Mode: Custom Mode;;;Hardware Prefetcher: Disable;;;Adjacent Cache Prefetch: Disable;;;DCU Streamer Prefetcher: Disable;;;QPI Link Frequency: Minimal Power;;;Memory Power Management:Automatic;;;Patrol Scrub: Disable;;;Power Performance Bias: OS Controlled;;;Disable SAS controller;;;Disable Ethernet 2, 3 and 4;;;Commands over USB interface: Disabled",,";;;Each JVM instance was affinitized to four logical cores per socket.;;;Using the local security settings console, &quot;lock pages in memory&quot; was enabled for the user running the benchmark.;;;Display set to turn off after 1 minute;;;KVM was disconnected prior to starting measurements",7197408586177121172,Aug,2012,intel,xeone5-2660,3.0,16,2,32,1.0,550.0,xeon,256.0,20000.0,sandybridge,95.0,True,,,,,,False,30,103.0,30,24.0,16,2012,95.0,103.0
5714,Intel Corp.,3184,Single Node,"Principled Technologies, Inc.","Durham, NC, USA","Jan 19, 2011",Feb-2008,May-2009,"Feb 17, 2011",Single Supplier,Server,Line-powered,Hewlett-Packard Company,ProLiant ML110 G5,Tower,Intel Xeon Processor 3075,"Dual-Core, 2.66 GHz, 4 MB L2 Cache, 1333 MHz system bus",2660,"2 cores, 1 chip, 2 cores/chip",2 (1 / core),1 chip,32 KB I + 32 KB D on chip per core,4 MB I+D on chip per chip,,,4.0,4 x 1024 MB,1GB 2Rx8 PC2-6400E; all slots populated,1 x 365,HP part #445067-001,2 x 160GB 7.2K RPM SATA RAID 1,Integrated SATA controller with embedded RAID,1 x NC105i Gigabit Server Adapter,1/1/1,1000,KVM,KVM,KVM,Yes,,Enabled (see SUT Notes),"Microsoft Windows Server 2008, Enterprise x64 Edition","SP2, Build 6002",NTFS,Oracle Corporation,"Oracle JRockit(R)(build P28.0.0-29-114096-1.6.0_11-20090427-1759-windows-x86_64, compiled mode)","-Xms2800m -Xmx2800m -Xns2660m -XXaggressive -XXlargePages -XXthroughputCompaction -XXcallprofiling -XXlazyUnlocking -Xgc:genpar -XXgcthreads:2 -XXtlasize:min=12k,preferred=1024k",,1,2800,2800,64,015 2009.10.09,03.05 09/15/2008,SSJ 1.2.6,Controller,,"Hardware Prefetcher disabled in BIOS, Adjacent Cache Line Prefetch disabled in BIOS, Processor Power Management set to GV1/GV3 Only in BIOS",Default,";;;Using the local security settings console, &quot;lock pages in memory&quot; was enabled for the user running the benchmark.;;;Hard disk turned off after 1 minute;;;OS Power Scheme;;;Power Option: Balanced",813938718204903599,Feb,2008,intel,xeon3075,,2,1,2,1.0,365.0,xeon,4000.0,,core,65.0,,,,,,,False,10,97.0,10,4.0,2,2008,65.0,97.0
1103,Plat'Home,3835,Single Node,Plat'Home,"Chiyoda-Ku, Tokyo, Japan","Jul 22, 2009",Aug-2009,Jun-2009,"Oct 21, 2009",Single Supplier,Server,Line-powered,Plat'Home,Cloud Station E,1U,Intel Xeon L5530,"Quad-Core, 2.40GHz, 8MB L3 Cache",2400,"8 cores, 2 chips, 4 cores/chip",16 (2 / core),"1,2 chips",32 KB I + 32 KB D on chip per core,256 KB I+D on chip per core,8 MB I+D on chip per chip,,8.0,4 x 2 GB,"DDR3-1333 CL9 Unregistered SDRAM; slots A1 ,B1 ,D1 ,and E1 populated",1 x 450,3Y POWER TECHNOLOGY (YM-2451C),1 x 32 GB SSD 2.5&quot; SATA (Intel SSDSA2SH032G1GN),Integrated SATA controller,2 x Intel 82576 Network Adapter,2/2/1,1000,,,,No,,Balanced (see SUT Notes),MicroSoft Windows Server 2008 Enterprise Edition SP2,SP2(64-bit),NTFS,Oracle Corporation,"Oracle JRockit(R) (build P28.0.0-29-114096-1.6.0_11-20090427-1759-windows-x86_64, compiled mode)","-Xms2700m -Xmx2700m -Xns2200m -XXthroughputcompaction -XXlazyunlocking -XXaggressive -Xlargepages -Xgc:genpar -XXcallprofiling -XXgcthreads=8 -XXtlasize:min=12k,preferred=1024k","start /affinity [00FF,FF00]",2,2700,2700,64,37,38,SSJ 1.2.6,Controller,,See SUT Notes,none,";;;Remote Login used to access system.;;;OS power management settings,&quot;balanced ,Turn off disk 1min ,Turn off display 1min ,USB selective suspend enable ,and Link State Power Manage for PCI Express set to maximum savings.&quot;;;;Using the local security settings console, &quot;lock pages in memory&quot; was enabled for the user running the benchmark.;;;Turned off &quot;TURBO mode&quot; in BIOS.;;;Turned off &quot;Adjacent Sector Prefetcher&quot; in BIOS.;;;Turned off &quot;HW Prefetcher&quot; in BIOS.;;;Turned off &quot;Execute Disabled bit&quot; in BIOS.;;;QPI Speed set to 4.8TB/s in BIOS",18144480583269590554,Aug,2009,intel,xeonl5530,,8,2,16,1.0,450.0,xeon,256.0,8000.0,nehalem,60.0,,,,,,,,90,162.0,90,8.0,8,2009,60.0,162.0
5621,Fujitsu,19,Single Node,Fujitsu,"Kawasaki, Kanagawa, Japan","Apr 2, 2021",May-2021,Dec-2020,"Apr 28, 2021",Single Supplier,Server,Line-powered,Fujitsu,PRIMERGY RX2530 M6,1U,Intel Xeon Platinum 8380,"40-Core, 2.30GHz, 60MB L3 Cache",2300,"80 cores, 2 chips, 40 cores/chip",160 (2 / core),2 chips,32 KB I + 48 KB D on chip per core,1280 KB I+D on chip per core,60 MB I+D on chip per chip,,256.0,16 x 16384 MB,"16 x 16 GB 2Rx8 PC4-3200Y-R; slots 1A, 1B, 1C, 1D, 1E, 1F, 1G, 1H, 1J, 1K, 1L, 1M, 1N, 1P, 1Q, 1R populated",1 x 900,S26113-E629-V50-1,"1 x SSD M.2 240GB, S26361-F5787-E240",Integrated SATA Controller,"1 x PLAN CP I350-T4 4X 1000BASE-T OCPv3, PYBLA274U",4/4/1,1000,,,,No,,Enabled (see SUT Notes),SUSE Linux Enterprise Server 15 SP2,5.3.18-24.43-default,btrfs,Oracle Corporation,"Oracle Java HotSpot(TM) 64-Bit Server VM 18.9 (build 11.0.9+7-LTS, mixed mode)",-server -Xmn16000m -Xms18000m -Xmx18000m -XX:+UseHugeTLBFS -XX:+UseLargePages -XX:+UseTransparentHugePages -XX:AllocatePrefetchDistance=256 -XX:AllocatePrefetchInstr=0 -XX:AllocatePrefetchLines=4 -XX:InlineSmallCode=3900 -XX:MaxInlineSize=270 -XX:ParallelGCThreads=8 -XX:SurvivorRatio=1 -XX:TargetSurvivorRatio=99 -XX:+UseParallelOldGC -XX:FreqInlineSize=2500 -XX:MinJumpTableSize=18 -XX:UseAVX=0 -XX:+UseBiasedLocking,"chrt -r 1 taskset -c [(0,1,2,3,4,5,6,7,8,9,80,81,82,83,84,85,86,87,88,89),(10,11,12,13,14,15,16,17,18,19,90,91,92,93,94,95,96,97,98),(20,21,22,23,24,25,26,27,28,29,100,101,102,103,104,105,106,107,108,109),(30,31,32,33,34,35,36,37,38,39,110,111,112,113,114,115,116,117,118),(40,41,42,43,44,45,46,47,48,49,120,121,122,123,124,125,126,127,128,129),(50,51,52,53,54,55,56,57,58,59,130,131,132,133,134,135,136,137,138),(60,61,62,63,64,65,66,67,68,69,140,141,142,143,144,145,146,147,148,149),(70,71,72,73,74,75,76,77,78,79,150,151,152,153,154,155,156,157,158)] numactl --membind=[0-3]",8,1950,1950,64,R1.3.0,3.20m,SSJ 1.2.10,Controller,,";;;Set ""Hardware Prefetcher = Disabled"" in BIOS.;;;Set ""Adjacent Cache Line Prefetch = Disabled"" in BIOS.;;;Set ""DCU Streamer Prefetcher = Disabled"" in BIOS.;;;Set ""Intel Virtualization Technology = Disabled"" in BIOS.;;;Set ""Energy Performance = Energy Efficient"" in BIOS.;;;Set ""Package C State limit = C6"" in BIOS.;;;Set ""UPI Link Frequency Select = 9.6GT/s"" in BIOS.;;;Set ""Uncore Frequency Scaling = Power Balanced"" in BIOS.;;;Set ""DDR Performance = Power balanced"" in BIOS.;;;Set ""SNC(Sub NUMA) = Enable SNC2"" in BIOS.;;;Set ""ASPM Support = L1 only"" in BIOS.;;;Set ""SATA Controller = Disabled"" in BIOS.;;;Set ""Serial Port = Disabled"" in BIOS.;;;Set ""USB Port Control = Disable all ports"" in BIOS.;;;Set ""Network Stack = Disabled"" in BIOS.",,";;;kernel parameter: pcie_aspm=force pcie_aspm.policy=powersave intel_pstate=passive;;;Benchmark started via ssh.;;;modprobe cpufreq_conservative.;;;cpupower frequency-set -g conservative.;;;echo 3000000 > /sys/devices/system/cpu/cpufreq/conservative/sampling_rate.;;;echo      94 > /sys/devices/system/cpu/cpufreq/conservative/up_threshold.;;;echo       1 > /sys/devices/system/cpu/cpufreq/conservative/freq_step.;;;echo      93 > /sys/devices/system/cpu/cpufreq/conservative/down_threshold.;;;echo always  > /sys/kernel/mm/transparent_hugepage/enabled.;;;cpupower frequency-set -u 2400MHz;;;sysctl -w kernel.nmi_watchdog=0;;;&lt;Yes&gt; The test sponsor attests, as of date of publication, that CVE-2017-5754 (Meltdown) is mitigated in the system as tested and documented.;;;&lt;Yes&gt; The test sponsor attests, as of date of publication, that CVE-2017-5753 (Spectre variant 1) is mitigated in the system as tested and documented.;;;&lt;Yes&gt; The test sponsor attests, as of date of publication, that CVE-2017-5715 (Spectre variant 2) is mitigated in the system as tested and documented.",6268197164451483253,May,2021,intel,xeonplatinum8380,,80,2,160,1.0,900.0,xeon,1280.0,60000.0,icelake,270.0,True,,,,True,,False,10,194.0,10,256.0,80,2021,270.0,194.0
3407,Acer Incorporated,97,Single Node,Acer Incorporated,"Taipei, R.O.C.","May 17, 2012",Jun-2012,Dec-2010,"Jun 21, 2012",Single Supplier,Server,Line-powered,Acer Incorporated,Acer AR585 F1,2U,AMD Opteron 6278,"16 cores, 2.40 GHz (AMD Turbo CORE technology up to 3.3 GHz)",2400,"64 cores, 4 chips, 16 cores/chip",64 (1 / core),"2,4 chips",512 KB I + 256 KB D on chip per chip,"16 MB I+D on chip per chip, 2 MB shared / 2 cores","16 MB I+D on chip per chip, 8 MB shared / 8 cores",,64.0,16 x 4096 MB,"4GB 2Rx8 PC3L-10600E; slots 1A, 2A, 3A and 4A populated on each processor",1 x 1400,PWS-1K41F-1R,"1 x 500GB SATA2 7200 RPM 3.5&quot; HDD, Acer part #KH.500W8.019",onboard SATA controller,1 x dual-port Intel 82576EB Gigabit Ethernet controller,2/2/1,1000,KVM,KVM,KVM,No,,Power save enabled in OS,"Windows Server 2008, Enterprise Edition",R2,NTFS,IBM Corporation,"IBM J9 VM (build 2.4, JRE 1.6.0 IBM J9 2.4 Windows Server 2008 amd64-64 jvmwa6460sr9-20101209_70480 (JIT enabled, AOT enabled)",-Xmn1500m -Xms1875m -Xmx1875m -Xaggressive -Xcompressedrefs -Xgcpolicy:gencon -XlockReservation -Xnoloa -Xlp,"start /affinity [F, F0, F00, F000, F0000, F00000, F000000, F0000000, F00000000, F000000000, F0000000000, F00000000000, F000000000000, F0000000000000, F00000000000000, F000000000000000]",16,1875,1875,64,P6T0,1.00,SSJ 1.2.9,Controller,IBM Websphere Application Server V7.0 for Windows on x86-64bit,;;;Fan Speed Control Modes: Engery Saving /ES,,";;;Each JVM instance was affinitized to 4 cores in a socket.;;;Using the local security settings console, &quot;lock pages in memory&quot; was enabled.;;;AR585 F1 with Opteron 6278 is currently available in France, Germany, Italy and Spain.",2702384105948140815,Jun,2012,amd,opteron6278,,64,4,64,1.0,1400.0,opteron,16000.0,16000.0,opteron,115.0,,,,,,,,50,404.0,50,64.0,64,2012,115.0,404.0
2317,"Huawei Technologies Co., Ltd",3175,Single Node,"Huawei Technologies Co., Ltd","Shenzhen, Guangdong, China","Jun 5, 2013",Apr-2013,Jun-2012,"Jun 26, 2013",Single Supplier,Server,Line-powered,"Huawei Technologies Co., Ltd",RH2288 V2,2U,Intel Xeon E5-2650,"8-Core, 2.0 GHz, 20 MB L3 Cache (Intel Turbo Boost Technology up to 2.80 GHz)",2000,"16 cores, 2 chips, 8 cores/chip",32 (2 / core),"1,2 chips",32 KB I + 32 KB D on chip per core,256 KB I+D on chip per core,20 MB I+D on chip per chip,,24.0,6 x 4 GB,"4GB 2Rx8 PC3L-10600R ECC RDIMM, Slots A1,B1,C1,D1,E1,F1 populated",1 x 460,Huawei P/N PW98080438,1 x 160GB SSD 2.5&quot; SATA Huawei P/N 02310KSX,Integrated SATA controller,1 x Dual-port Intel 82580 Gigabit Ethernet controller,2/2/1,1000,,,,No,,Power Saver Mode  enabled in OS,Microsoft Windows Server 2008 Enterprise x64 Edition,R2 SP1 (64-bit),NTFS,IBM Corporation,"IBM J9 VM (build 2.6,JRE 1.7.0 Windows Server 2008 R2 amd64-64 20120322_106209 (JIT enabled, AOT enabled)",-Xaggressive -Xcompressedrefs -Xmx1500m -Xms1500m -Xmn1100m -XlockReservation -Xnoloa -XtlhPrefetch -Xlp -Xconcurrentlevel0,"start /affinity [0x0F,0xF0,0xF00,0xF000,0xF0000,0xF00000,0xF000000,0xF0000000]",8,1500,1500,64,V059,3.02,SSJ 1.2.10,Controller,IBM SDK Java Technology Edition Version 7.0 for windows x64,;;;Hardware prefetcher -disabled.;;;Adjacent Cache Line Prefetch -disabled.;;;DCU Streamer Prefetcher -disabled.;;;Intel HT Technology -enabled.;;;Turbo mode -enabled.;;;C-state -enabled.;;;Power Mode -Efficiency.;;;QPI Link  Speed -6.4GT/s.;;;Memory Frequency Limit -1333MHz.;;;Demand Scrubbing -disabled.;;;USB configuration EHCI 2 -disabled.,none,";;;The test was started via Remote Desktop.;;;Minimum Processor State: 0%.;;;Maximum Processor State: 100%.;;;Turn off hard disk after 1 minute .;;;Each JVM instance was affinitized to four logical processors.;;;Using the local security settings console, &quot;lock pages in memory&quot; was enabled for the user running the benchmark.",1855585516124856428,Apr,2013,intel,xeone5-2650,,16,2,32,1.0,460.0,xeon,256.0,20000.0,sandybridge,95.0,True,True,,,True,,False,70,143.0,70,24.0,16,2013,95.0,143.0
5344,Fujitsu Siemens Computers,22,Single Node,Fujitsu Siemens Computers,"Paderborn, Germany","Nov 26, 2007",May-2007,Nov-2007,"Dec 11, 2007",Single Supplier,Server,Line-powered,Fujitsu Siemens Computers,PRIMERGY TX150 S5 (Intel Xeon 3070),--,Intel Xeon 3070,"2.66GHz, 4MB L2C shared, 1066MHz system bus",2666,"2 cores, 1 chip, 2 cores/chip",2 (1 / core),1,32 KB I + 32 KB D on chip per core,4 MB I+D on chip per chip,,,4.0,2x2048MB,PC2-4200E CAS 4-4-4 2Rx8,1 x 410,Newton Power NPS 400AB,1 x 160GB 7.2K RPM SATA,LSI Logic integrated SAS 3000 series,Broadcom 5721 NetXtreme Gigabit Ethernet (onboard),1/1/1,1000,KVM,KVM,Yes,Yes,,Enabled (Server Balanced Power and Performance),Microsoft(R) Windows(R) Server 2003 Enterprise x64 Edition,5.2.3790 Service Pack 1 Build 3790,NTFS,"BEA Systems, Inc.",BEA JRockit(R) (build R27.4.0-90-89592-1.6.0_02-20070928-1715-windows-x86_64),"-Xms3400m -Xns3000m -Xmx3400m -Xlargepages -XXaggressive -XXthroughputcompaction -XXlazyunlocking -XXcallprofiling -Xgc:genpar -XXgcthreads=2 -XXtlasize:min=4k,preferred=1024k",,2,3400,3400,64,--,--,SSJ 0.23,SUT,,--,--,";;;Using the local security settings console, &quot;lock pages in memory&quot; was enabled for the user running the benchmark.;;;turned off 'Hardware Prefetcher' in BIOS;;;turned off 'Adjacent Sector Prefetcher' in BIOS;;;Command line options are described at:<br><a href=http://edocs.bea.com/jrockit/jrdocs/refman/intro.html>http://edocs.bea.com/jrockit/jrdocs/refman/intro.html</a>",12076117009093569677,May,2007,intel,xeon3070,,2,1,2,1.0,410.0,xeon,4000.0,,core,65.0,,,,,,,,20,97.6,20,4.0,2,2007,65.0,97.6
6473,Hewlett Packard Enterprise,3,Single Node,Hewlett Packard Enterprise,"Houston, TX, USA","Oct 15, 2020",Dec-2020,Jul-2020,"Nov 4, 2020",Single Supplier,Server,Line-powered,Hewlett Packard Enterprise,Superdome Flex 280 - 8 Socket,10U,Intel Xeon Platinum 8380HL 2.90 GHz,"28-Core, 2.90 GHz, 38.5MB L3 Cache",2900,"224 cores, 8 chips, 28 cores/chip",448 (2 / core),"2,4,8 chips",32 KB I + 32 KB D on chip per core,1 MB I+D on chip per core,39242 KB I+D on chip per chip,,1536.0,48 x 32768 MB,32GB 2Rx4 PC4-3200AA-RE2; 1 DIMM per channel slots populated,2 x 1600,HPE 1600W Platinum Power Supply (060-0415-002),1 x HPE Superdome Flex 280 480GB SATA 6G Mixed Use SFF (2.5in) BC 3yr Wty Digitally Signed Firmware SSD (R6A34A),Embedded SATA Controller,1 x HPE Embedded Ethernet 1Gb 2-port adapter,2/1/1,1000,,,,No,,Enabled (see SUT Notes),SUSE Linux Enterprise Server 15 SP2,5.3.18-22-default,xfs,Oracle Corporation,"Oracle Java HotSpot(TM) 64-Bit Server VM 18.9 (build 11.0.8+10-LTS, mixed mode)",-server -Xmn19g -Xms21g -Xmx21g -XX:SurvivorRatio=1 -XX:TargetSurvivorRatio=99 -XX:AllocatePrefetchDistance=384 -XX:AllocatePrefetchLines=4 -XX:LoopUnrollLimit=37 -XX:InitialTenuringThreshold=12 -XX:MaxTenuringThreshold=15 -XX:ParallelGCThreads=28 -XX:InlineSmallCode=3900 -XX:MaxInlineSize=270 -XX:FreqInlineSize=2500 -XX:+UseLargePages -XX:+UseParallelOldGC -XX:UseAVX=1 -XX:BiasedLockingStartupDelay=30000 -XX:-UseAdaptiveSizePolicy -XX:-ThreadLocalHandshakes,numactl --cpunodebind=[0-15] --localalloc,16,21000,21000,64,1.0.140,1.0.140,SSJ 1.2.10,Controller,HPE Foundation Software 2 for SUSE Linux Enterprise Server Media License RTU,;;;Workload Profile: Custom;;;Power Regulator: OS control Mode;;;Minimum Processor Idle Power Package C-State: Package C6(retention) State;;;Intel(R) Turbo Boost Technology: Disabled;;;Energy Efficient Turbo: Disabled;;;NUMA Group Size Optimization: Flat;;;Advanced Memory Protection: Adaptive Double Device Data Correction (ADDDC);;;Intel(R) NIC DMA Channels (IOAT): Disabled;;;SR-IOV: Disabled;;;Intel(R) Virtualization Technology (Intel VT): Disabled;;;HW Prefetcher: Disabled;;;Adjacent Sector Prefetch: Disabled;;;DCU Stream Prefetcher: Disabled;;;LLC Prefetch: Enabled ;;;Snoop Throttle Configuration: High;;;Intel(R) DMI Link Frequency: Gen 1 Speed;;;Maximum Memory Bus Frequency: 2133 MHz;;;Memory Patrol Scrubbing: Disabled;;;Power Redundancy mode: Disabled,See SUT Notes,";;;Benchmark started via ssh;;;SPECpower_ssj.props input.load_level.number_warehouses set to 448 to detect the full number of available processors on the SUT;;;echo auto >  /sys/bus/usb/devices/1-13.3/power/control;;;cpupower frequency-set --max 2500000;;;echo 190000 > /proc/sys/vm/nr_hugepages;;;echo 10000000 >  /proc/sys/kernel/sched_min_granularity_ns;;;echo 6000 >  /proc/sys/kernel/sched_migration_cost_ns;;;echo 0 > /proc/sys/kernel/nmi_watchdog;;;echo 50 > /proc/sys/vm/swappiness;;;echo 5 > /proc/sys/vm/laptop_mode;;;Yes: The test sponsor attests, as of date of publication, that CVE-2017-5754 (Meltdown) is mitigated in the system as tested and documented. ;;;Yes: The test sponsor attests, as of date of publication, that CVE-2017-5753 (Spectre variant 1) is mitigated in the system as tested and documented.  ;;;Yes: The test sponsor attests, as of date of publication, that CVE-2017-5715 (Spectre variant 2) is mitigated in the system as tested and documented. ",13729891518717747780,Dec,2020,intel,xeonplatinum8380hl,,224,8,448,2.0,1600.0,xeon,1000.0,39242.0,cooperlake,250.0,True,,,False,True,,False,0,503.0,0,1536.0,224,2020,250.0,503.0
5653,Dell Inc.,55,Single Node,Dell Inc.,"Round Rock, TX, USA","Oct 2, 2012",Jun-2012,Jun-2012,"Oct 17, 2012",Single Supplier,Server,Line-powered,Dell Inc.,"PowerEdge R520 (Intel Xeon E5-2470, 2.30 GHz)",2U,Intel Xeon E5-2470 (Intel Turbo Boost Technology up to 3.10 GHz ),"8 core, 2.30GHz, 20MB L3 Cache",2300,"16 cores, 2 chips, 8 cores/chip",32 (2 / core),"1, 2 chips",32 KB I + 32 KB D on chip per core,256 KB I+D on chip per core,20 MB I+D on chip per chip,,24.0,6 x 4096 MB,"4GB 2Rx8 PC3L-10600E-9 ECC; Slots A1-3,B1-3 populated.",1 x 750,Dell P/N XYXMG,"1 x 100GB SATA SSD, Dell P/N DYW42",PERC S110,1 x dual-port Broadcom 5720,2/2/1,1000,,,,No,,Power Saver plan in OS,Microsoft Windows Server 2008 x64 Enterprise Edition,R2 SP1,NTFS,IBM Corporation,"IBM J9 VM (build 2.6,JRE 1.7.0 Windows Server 2008 R2 amd64-64 20120322_106209 (JIT enabled, AOT enabled)",-Xaggressive -Xcompressedrefs -Xmx1024m -Xms1024m -Xmn800m -XlockReservation -Xnoloa -XtlhPrefetch -Xlp -Xconcurrentlevel0,"start /affinity [3,C,30,C00,300,C00,3000,C000,30000,C0000,300000,C00000,3000000,C000000,30000000,C0000000]",16,1024,1024,64,1.2.4,1.20.20 (Build 24),SSJ 1.2.10,Controller,IBM SDK Java Technology Edition Version 7.0 for Windows x64,;;;QPI Speed = 6.4GT/s;;;Virtualization = disabled;;;Adjacent Cache Line Prefetch = disabled;;;Hardware Prefetcher = disabled;;;DCU Streamer Prefetcher = disabled;;;Execute disable = disabled;;;USB Ports = only back ports on;;;Internal USB = off;;;System Profile = Custom;;;CPU Power Management = DAPC;;;Intel Turbo Boost = enabled;;;Memory Frequency = 1333MHz;;;Memory Patrol Scrub = disabled;;;Memory Refresh Rate = 1x;;;Memory Operating Voltage = Auto,none,";;;Each JVM instance was bound to 2 logical processors;;;Using the local security settings console, &quot;lock pages in memory&quot; was enabled for the user running the benchmark.;;;Run initiated via Windows Remote Desktop Connection;;;Hard Disk set to turn off after 1 minute;;;Display set to turn off after 1 minute",16021440544144012103,Jun,2012,intel,xeone5-2470,3.1,16,2,32,1.0,750.0,xeon,256.0,20000.0,sandybridge,95.0,True,,False,False,,,False,10,69.7,10,24.0,16,2012,95.0,69.7
5466,Supermicro Inc.,1176,Single Node,Supermicro Inc.,"San Jose, CA, USA","Jun 28, 2012",Jun-2012,Apr-2012,"Nov 14, 2012",Single Supplier,Server,Line-powered,Supermicro Inc.,System 7047GR-TRF,4U,Intel Xeon E5-2670 (2.30GHz),"8-Core, 2.3GHz (Intel Turbo boost mode up to 3.10GHz), 20MB L3 Cache",2300,"16 cores, 2 chips, 8 cores/chip",32 (2 / core),"1,2 chips",32 KB I + 32 KB D on chip per core,256 KB I+D on chip per chip,20 MB I+D on chip per chip,,64.0,8 x 8192 MB,8GB 2Rx8 PC3-10600E-9-10 slots 1-3-5-7-9-11-13-15 populated.,1 x 1620,Supermicro P/N: PWS-1K62P-1R,1 x 250GB SATA 3.0Gb/s 7200RPM Supermicro P/N:HDDT0250-WD2503ABYX,Onboard SATA Intel C602 Chipset,1 x Intel I350 Dual Port Gigabit Ethernet,2/2/1,1000,KVM,KVM,KVM,Yes,,Enabled (see SUT Notes),Microsoft Windows Server 2008 Enterprise x64 Edition R2 SP1,6.1.7601 (64-bit),NTFS,Oracle Corp.,Java(TM) SE Runtime Environment (build 1.6.0_32-b05),-server -showversion -Xmx1024m -Xms1024m -Xmn853m -XX:ParallelGCThreads=4 -XX:BiasedLockingStartupDelay=200 -XX:SurvivorRatio=60 -XX:TargetSurvivorRatio=90 -XX:InlineSmallCode=3900 -XX:MaxInlineSize=270 -XX:FreqInlineSize=2500 -XX:AllocatePrefetchDistance=256 -XX:AllocatePrefetchLines=4 -XX:InitialTenuringThreshold=12 -XX:MaxTenuringThreshold=15 -XX:LoopUnrollLimit=45 -XX:+UseCompressedStrings -XX:+AggressiveOpts -XX:+UseLargePages -XX:+UseParallelOldGC -XX:-UseAdaptiveSizePolicy,"start /affinity [3, C, 30, C0, 300, C00, 3000, C000, 30000, C0000, 300000, C00000, 3000000, C000000, 30000000, C0000000]",16,1024,1024,64,4/20/2012 Ver1.0a,1.10.31,SSJ 1.2.9,Controller,,=;;;BIOS Settings;;;Power Technology: Custom ;;;EIST: Enabled ;;;Turbo Mode: Enable ;;;C1E Support: Enabled ;;;CPU C3 Report: Disabled ;;;CPU C6 Report: Enabled ;;;CPU C7 Report: Enabled ;;;Package C State limit: No Limit ;;;Energy/Performance Bias: Energy Efficient ;;;QPI Link frequency: 6.4 GT/s ;;;Serial Port: Disabled,none,";;;Each JVM instance was affinitized two logical processors on a single socket.;;;Using the local security settings console, &quot;lock pages in memory&quot; was enabled for the user running the benchmark.;;;Screen Saver: None;;;Power Option: Power Saver;;;Minimum Processor State: 0%;;;Maximum Processor State: 100%;;;Turn off hard disk after 1 minute ",642564941235277364,Jun,2012,intel,xeone5-2670,,16,2,32,1.0,1620.0,xeon,256.0,20000.0,sandybridge,115.0,,,,,True,,,20,180.0,20,64.0,16,2012,115.0,180.0
1421,IBM Corporation,11,Single Node,IBM Corporation,"NanKang, Taipei, Taiwan","May 21, 2010",Jun-2010,Jun-2009,"Jul 6, 2010",Single Supplier,Server,Line-powered,IBM Corporation,System x3620 M3,2U,Intel Xeon X5670,"6-Core, 2.93GHz, 12MB L3 Cache",2933,"12 cores, 2 chips, 6 cores/chip",24 (2 / core),"1,2 chips",32 KB I + 32 KB D on chip per core,256 KB I+D on chip per core,12 MB I+D on chip per chip,,12.0,6 x 2048 MB,"2GB 2Rx8 PC3L-10600R; slots 3, 6, 8, 11, 14 and 16 populated",1 x 675,IBM P/N:39Y7206,1 x 500GB 7200RPM 3.5&quot; SATA (IBM P/N:42C0468),Integrated SATA controller,2 x Integrated Intel 82575EB Gigabit Ethernet Controller,1/1/1,1000,KVM,KVM,KVM,Yes,,Enabled (see SUT Notes),Microsoft Windows Server 2008 R2 Enterprise Edition,R2,NTFS,IBM Corporation,IBM J9 VM (build pwa6460sr5-20090529_04(SR5)),-Xaggressive -Xcompressedrefs -Xgcpolicy:gencon -Xmn1100m -Xms1500m -Xmx1500m -XlockReservation -Xnoloa -XtlhPrefetch -Xlp,"start /affinity [0F,F0,F00,F000,F0000,F00000]",6,1500,1500,64,HSE111XUS,YUOO67C,SSJ 1.2.6,Controller,,See SUT Notes,none,";;;Each JVM instance was affinitized four threads on a single socket.;;;Using the local security settings console, ""lock pages in memory"" was enabled for the user running the benchmark.;;;OS Power Options: ;;;Power Plan: Power Saver;;;Advanced Power Settings:;;;Minimum Processor State: 0%;;;Maximum Processor State: 100%;;;Turn off hard disk after 1 minute;;;Turn off display after 1 minute;;;BIOS Settings:;;;Disable Turbo Mode;;;Enable CPU C-States;;;Disable Processor Data Prefetch;;;Disable Data Reuse;;;CPU Frequency Select set to Minimal Power;;;Memory Speed set to Power Efficiency;;;Disable Demand Scrub;;;Disable Ethernet 2;;;Disable Slot 1;;;Disable Slot 2;;;Disable Slot 3;;;Disable Commands on USB Interface",12811827022273922705,Jun,2010,intel,xeonx5670,,12,2,24,1.0,675.0,xeon,256.0,12000.0,nehalem,95.0,,,,False,,,False,80,202.0,80,12.0,12,2010,95.0,202.0
5719,Apple Inc.,77,Single Node,Apple Inc.,"Cupertino, CA, USA","Mar 16, 2009",Jan-2008,Jan-2008,"Apr 8, 2009",Single Supplier,Server,Line-powered,Apple Inc.,"Xserve2,1",--,Intel(R) Xeon(R) CPU E5472,"2 x Xeon 4-Core, 3.0GHz",3000,"8 cores, 2 chips, 4 cores/chip",32 (4 / core),"1,2 chips",32 KB I + 32 KB D on chip per core,12 MB I+D on chip per chip,,,16.0,8 x 2 GB,"DDR2 FB-DIMM, 800 MHz; slots 1-8 populated",1 x 750,Apple Xserve 750W power supply,1 X Seagate ST380815AS N 80GB SATA,Integrated SAS controller,2 x integrated 10/100/1000 NIC,2/1/1,1000,KVM,KVM,KVM,Yes,,,Mac OS X Server,10.5.6 (9G55),Journaled HFS+,Sun Microsystems Inc.,Java HotSpot(TM) 64-Bit Server VM on Mac OS X Server version 1.6.0_07-b06-153,-Djava.awt.headless=true -server -d64 -XX:+UseParallelGC -Xms2048m -Xmx2048m,,8,2048,2048,64,--,--,SSJ 1.1.3,SUT,,--,--,--,3724064381729639945,Jan,2008,intel,xeone5472,,8,2,32,1.0,750.0,xeon,12000.0,,core,80.0,,,,,,,,10,233.0,10,16.0,8,2008,80.0,233.0
6789,Fujitsu Siemens Computers,22,Single Node,Fujitsu Siemens Computers,"Paderborn, NRW, Germany","Aug 20, 2008",Sep-2008,Jul-2008,"Sep 10, 2008",Single Supplier,Server,Line-powered,Fujitsu Siemens Computers,PRIMERGY RX200 S4 (Intel Xeon L5430),--,Intel Xeon L5430,"2.66GHz, 2x6MB L2 cache, 1333MHz system bus",2667,"8 cores, 2 chips, 4 cores/chip",8 (1 / core),"1,2 chips",32 KB I + 32 KB D on chip per core,"12 MB I+D on chip per chip, 6 MB shared / 2 cores",,,8.0,4 x 2048 MB,PC2-5300F 2Rx8 (CAS 5-5-5),1 x 650,"Delta Electronics, Inc DPS-650JB C","1 x Seagate (3.5&quot;, SATA, 160GB, 7.2krpm)",Integrated SATA controller,2 x Broadcom BCM5708C NetXtreme II GigE (onboard),1/1/1,1000,KVM,KVM,KVM,No,,Enabled (Server Balanced Processor Power and Performance),Microsoft Windows Server 2003 R2 Enterprise x64 Edition,Version 5.2.3790 Service Pack 1 Build 3790,NTFS,Oracle Corporation,Oracle JRockit(R) 6.0 P27.5.0 (build P27.5.0-5_o_CR371811_CR374296-100684-1.6.0_03-20080702-1651-windows-x86_64),"-Xms1700m -Xmx1700m -Xns1500m -XXaggressive -Xlargepages -Xgc:genpar -XXcallprofiling -XXgcthreads=2 -XXtlasize:min=4k,preferred=1024k -XXthroughputcompaction","start /affinity [0x03,0x30,0x0C,0xC0]",8,1700,1700,64,--,--,SSJ 1.1.3,Controller,,--,--,";;;Each JVM instance was affinitized to two CPU cores.;;;Using the local security settings console, &quot;lock pages in memory&quot; was enabled for the user running the benchmark.;;;Turned off &quot;Adjacent Sector Prefetcher&quot; in BIOS.;;;Turned off &quot;Hardware Prefetch&quot; in BIOS.;;;Turned on &quot;Enhanced Idle Power State&quot; in BIOS.;;;Turned on &quot;Memory Throttling&quot; in BIOS.;;;Turned off &quot;High Bandwidth&quot; in BIOS.",6487363745052336520,Sep,2008,intel,xeonl5430,,8,2,8,1.0,650.0,xeon,12000.0,,core,50.0,,,,,,,,0,158.0,0,8.0,8,2008,50.0,158.0
5072,IBM Corporation,11,Single Node,IBM Corporation,"Taipei, Taiwan","Oct 24, 2012",Dec-2012,Dec-2012,"Nov 14, 2012",Single Supplier,Server,Line-powered,IBM Corporation,IBM System x3630 M4,2U,Intel Xeon E5-2470 2.30 GHz (Intel Turbo Boost Technology up to 3.10 GHz),"8 core, 2.30GHz, 20MB L3 Cache",2300,"16 cores, 2 chips, 8 cores/chip",32 (2 / core),"1,2 chips",32 KB I + 32 KB D on chip per core,256 KB I+D on chip per core,20 MB I+D on chip per chip,,24.0,6 x 4096 MB,"4GB 2Rx8 PC3L-10600E; slots 1, 3, 5, 7, 9 and 11 populated",1 x 550,IBM 550w PSU(94Y8074),1 x 500GB 3.5 SATA(IBM P/N: 81Y9802),Integrated SAS/SATA Controller,4 x Integrated Intel I350 Gigabit Ethernet Controller,4/4/1,1000,,,,No,,IBM Power Profile,Microsoft Windows Server 2008 Enterprise Edition x64,R2 SP1,NTFS,IBM Corporation,"IBM J9 VM (build 2.6, JRE 1.7.0 Windows Server 2008 R2 amd64-64 20120322_106209 (JIT enabled, AOT enabled)",-Xaggressive -Xcompressedrefs -Xmn1100m -Xms1500m -Xmx1500m -XlockReservation -Xnoloa -XtlhPrefetch -Xlp -Xconcurrentlevel0,"start /affinity [F,F0,F00,F000,F0000,F00000,F000000,F0000000]",8,1500,1500,64,BEE123F,1AOO31M,SSJ 1.2.9,Controller,IBM SDK Java Technology Edition Version 7.0 for Windows x64,;;;BIOS Settings;;;Operating Mode: Custom Mode;;;Hardware Prefetcher: Disable;;;Adjacent Cache Prefetch: Disable;;;DCU Streamer Prefetcher: Disable;;;QPI Link Frequency: Minimal Power;;;Memory Power Management:Automatic;;;Patrol Scrub: Disable;;;Power Performance Bias: OS Controlled;;;Commands over USB interface: Disabled,,";;;Each JVM instance was affinitized to four logical cores per socket.;;;Using the local security settings console, &quot;lock pages in memory&quot; was enabled for the user running the benchmark.;;;KVM was disconnected prior to starting measurements",11552655127884875844,Dec,2012,intel,xeone5-2470,3.1,16,2,32,1.0,550.0,xeon,256.0,20000.0,sandybridge,95.0,True,,,,,,False,20,89.6,20,24.0,16,2012,95.0,89.6
4387,Advanced Micro Devices,49,Single Node,AMD Performance Lab,"Austin, TX, USA","Nov 8, 2012",Dec-2012,Jun-2012,"Dec 4, 2012",Parts Built,Server,Line-powered,Tyan Computer Corporation,B8228Y190X2-045V4H,1 of 2 Blades in 1U Rackmount Frame,AMD Opteron 4386,"8 Core, 3.1GHz, 6MB L3 Cache",3100,"16 cores, 2 chips, 8 cores/chip",16 (1 / core),"1,2 chips",256 KB I + 128 KB D on chip per chip,8 MB I+D on chip per chip,8 MB I+D on chip per chip,,32.0,4 x 8 GB,8GB 2Rx4 PC3L-12800R,1 x 450,3Y Power Technology YM-2451C,"1 x 128GB, SSD, 2.5&quot; SATA, WD SSC-D0128SC-2100",Integrated AMD SP5100 SATA Controller,1 x Intel 82576 GigaBit Dual Port,1/1/1,1000,,,,No,,Balanced Power profile,Microsoft Windows Server 2008 R2 Enterprise,SP1(64-bit),NTFS,IBM Corparation,"IBM J9 VM (build 2.6, JRE 1.7.0 Windows Server 2008 R2 amd64-64 20120322_106209(JIT enabled, AOT enabled))",-Xms1875m -Xmn1400m -Xmx1875m -Xlp -Xaggressive -XlockReservation -Xcompressedrefs -Xnoloa -Xgcpolicy:gencon -Xthr:minimizeUserCPU -Xgcthreads2,"start /affinity [03,0C,30,C0] /node [0|1]",8,1875,1875,64,.25,1.0,SSJ 1.2.10,Controller,IBM SDK Java Technology Edition Version 7.0 for Windows x64,;;;CPB Mode: Disable;;;Onboard 82574 NIC: Disabled;;;Onboard 82576 NIC2: Disabled;;;Serial Port1 Address: Disabled;;;Serial Port2 Address: Disabled;;;Coherent HT Link Speed: 1 GHz;;;Noncoherent HT Link Speed: 1.2 GHz,none,";;;Each JVM instance was affinitized to one Core Unit pair.;;;Using the local security settings console, &quot;lock pages in memory&quot; was enabled for the user running the benchmark.;;;Run started via Remote Desktop",6897231903274840323,Dec,2012,amd,opteron4386,,16,2,16,1.0,450.0,opteron,8000.0,8000.0,opteron,95.0,True,,,,,,,30,114.0,30,32.0,16,2012,95.0,114.0
1721,Acer Incorporated,97,Single Node,Acer Incorporated,"Taipei, R.O.C.","Apr 26, 2011",Apr-2011,Dec-2009,"May 18, 2011",Single Supplier,Server,Line-powered,Acer Incorporated,Acer AT110 F2 (Intel Xeon E3-1270),Tower,Intel Xeon E3-1270,"Four core, 3.4GHz, 8MB L3 Cache",3400,"4 cores, 1 chip, 4 cores/chip",8 (2 / core),1 chips,32 KB I + 32 KB D on chip per core,256 KB I+D on chip per core,8 MB I+D on chip per chip,,8.0,2 x 4096 MB,"4GB 2Rx8 PC3-10600E ECC; slots 1A,2A",1 x 450,FSP450-60EP,"1 x 1024GB 3.5&quot; SATA, Acer Part#KH.01KW8.009",Onboard SATA controller,1 x Single-port Intel 82579 Gigabit Ethernet controller,1/1/1,1000,USB,USB,Direct,Yes,,Power save enabled in OS,"Windows Server 2008, Enterprise Edition",R2,NTFS,IBM Corporation,"IBM J9 VM (build 2.4, JRE 1.6.0 IBM J9 2.4 Windows Server 2008 amd64-64 jvmwa6460sr7-20091214_49398 (JIT enabled, AOT enabled)",-Xms1400m -Xmn1950 -Xmx1950m -Xcompressedrefs -Xaggressive -Xgcpolicy:gencon -Xlp -XlockReservation -Xnoloa -XtlhPrefetch,"start /affinity [0F,F0]",2,1950,1950,64,P01,,SSJ 1.2.6,SUT,IBM Websphere Application Server V7.0 for Windows on x86-64bit,;;;BIOS Setting:;;;Intel Turbo Boost Technology - Disabled;;;Hardware Prefetcher - Disabled;;;Adjacent Cache Line Prefetcher - Disabled;;;Intel Virtualization Tech - Disabled;;;Execute Disable Bit Capability -Disabled,,";;;Each JVM instance was affinitized to 4 threads.;;;Using the local security settings console, &quot;lock pages in memory&quot; was enabled for the user running the benchmark;;;Minimum Processor State: 0%;;;Maximum Processor State: 100%",3246466901684189748,Apr,2011,intel,xeone3-1270,,4,1,8,1.0,450.0,xeon,256.0,8000.0,sandybridge,80.0,,,,False,,,False,80,86.6,80,8.0,4,2011,80.0,86.6
3882,"Hitachi, Ltd.",35,Single Node,"Hitachi, Ltd.","Hadano, Kanagawa, Japan","Jan 31, 2011",Dec-2010,Jun-2010,"Feb 23, 2011",Single Supplier,Server,Line-powered,"Hitachi, Ltd.",HA8000/RS110 (CK1),1U,Intel Xeon X3480,"Quad Core, 3.06GHz, 8MB L3 Cache",3067,"4 cores, 1 chip, 4 cores/chip",8 (2 / core),1 chips,32 KB I + 32 KB D on chip per core,256 KB I+D on chip per core,8 MB I+D on chip per chip,,8.0,2 x 4096 MB,4GB 2Rx8 PC3-10600E ECC CL9; slots DIMM_#2 and DIMM_#4 populated,1 x 400,DELTA TDPS-400BB,1 x 250GB SATA (Hitachi P/N:GQ-UH72504C�j,Integrated SATA controller,"1 x Intel 82578DM Gigabit Network Connection (onboard), 1 x Intel 82574L Gigabit Network Connection (onboard)",2/1/1,1000,,,,Yes,,Enabled (Power saver),Microsoft Windows Server 2008 R2 Standard,R2,NTFS,IBM Corporation,"IBM J9 VM (build 2.4, JRE 1.6.0 IBM J9 2.4 Windows Server 2008 amd64-64 jvmwa6460sr7-20100219_54049(JIT enabled, AOT enabled)",-Xaggressive -Xcompressedrefs -Xgcpolicy:gencon -Xms1875m -Xmx1875m -Xmn1500m -XlockReservation -Xnoloa -XtlhPrefetch -Xlp,"start /affinity [F,F0]",2,1875,1875,64,6FAS-F4,07.35,SSJ 1.2.6,Controller,IBM WebSphere Application Server V7.0 for Windows on x86-64bit,;;;Hardware Prefetcher Disabled.;;;Adjacent Cache Line Prefetcher Disabled.;;;DCU Prefetcher Disabled.;;;DCU IP Prefetcher Disabled.;;;CPU C6 Report Enabled.,,";;;Each JVM instance was affinitized to four logical processors.;;;Using the local security settings console, &quot;lock pages in memory&quot; was enabled for the user running the benchmark.;;;Windows power profile set to &quot;Power saver&quot;.;;;Turn off Hard Disks after 1 minute.;;;Processor power management Minimum processor state set to 0%.;;;Processor power management Maximum processor state set to 100%.;;;Run was started via Remote Desktop.",6672186070745754921,Dec,2010,intel,xeonx3480,,4,1,8,1.0,400.0,xeon,256.0,8000.0,nehalem,95.0,,,,,,,False,40,78.4,40,8.0,4,2010,95.0,78.4
230,Acer Incorporated,97,Single Node,Acer Incorporated,"Taipei, R.O.C.","Jun 21, 2010",Jun-2010,Sep-2009,"Jul 14, 2010",Single Supplier,Server,Line-powered,Acer Incorporated,"Gateway GR380 F1 (Intel Xeon X5670, 2.93 GHz)",2U,Intel Xeon X5670,"Six-Core, 2.93 GHz, 12 MB L3 cache",2933,"12 cores, 2 chips, 6 cores/chip",24 (2 / core),"1,2 chips",32 KB I + 32 KB D on chip per core,256 KB I+D on chip per core,12 MB I+D on chip per chip,,12.0,6 x 2048 MB,"2GB 2Rx8 PC3-10600E; slots 1A, 2A, and 3A populated on each processor",1 x 720,PS-0815,1 x 64GB SSD 2.5&quot; SATA,onboard SATA controller,4 x onboard Intel gigabit,2/2/1,1000,PS2,PS2,Direct,No,,Power save enabled in OS,"Windows Server 2008, Enterprise Edition",R2,NTFS,IBM Corporation,"IBM J9 VM (build 2.4, JRE 1.6.0 IBM J9 2.4 Windows Server 2008 amd64-64 jvmwa6460sr7-20091214_49398 (JIT enabled, AOT enabled)",-Xmn1100m -Xms1500m -Xmx1500m -Xaggressive -Xcompressedrefs -Xgcpolicy:gencon -XlockReservation -Xnoloa -XtlhPrefetch -Xlp,"start /affinity [0xF, 0xF0, 0xF00,0xF000, 0xF0000, 0xF00000]",6,1500,1500,64,P02,1.01,SSJ 1.2.6,Controller,,See SUT notes,,";;;Each JVM instance was affinitized to four logical cores in a socket.;;;Using the local security settings console, &quot;lock pages in memory&quot; was enabled.;;;BIOS Setting:;;;Intel Turbo Boost Technology - Disabled;;;Maximum Memory Bus Frequency - 1066MHz;;;Hardware Prefetcher - Disabled;;;Adjacent Sector Prefetch - Disabled;;;DCU Prefetcher - Disabled;;;Data Reuse Prefetcher - Disabled",14935097139482687292,Jun,2010,intel,xeonx5670,,12,2,24,1.0,720.0,xeon,256.0,12000.0,nehalem,95.0,,,,False,,,False,100,260.0,100,12.0,12,2010,95.0,260.0
6234,Sugon,9046,Single Node,Sugon,"Beijing, China","Jan 30, 2015",Jan-2015,Jun-2013,"Mar 11, 2015",Single Supplier,Server,Line-powered,Sugon,Sugon I620-G20,2U,Intel Xeon E5-2699 v3 2.30 GHz,"18 Cores, 2.3GHz, 45MB L3 Cache",2300,"36 cores, 2 chips, 18 cores/chip",72 (2 / core),"1,2 chips",32 KB I + 32 KB D on chip per core,256 KB I+D on chip per core,45 MB I+D on chip per chip,,128.0,8 x 16 GB,"16GB 2Rx4 PC4-2133P ECC RDIMM; slots A0, B0, C0, D0, E0, F0, G0, H0 populated",1 x 550,GW-CRPS550 PN:1197317,Intel 530 series M.2 2242 type 120G SSD * 1 PN:SSDSCIHW120A4,Onboard SATA controller,1 x Dual port Intel I210 Gigabit Ethernet Controller,2/1/1,1000,,,,No,,Power Saver Mode enabled ( details see SUT Notes),Microsoft Windows Server 2008 R2 SP1 DC,Version 6.1.7601 Service Pack 1 Build 7601,NTFS,IBM Corporation,"IBM J9 VM (build 2.6,JRE 1.7.0 Windows Server 2008 R2 amd64-64 20120322_106209 (JIT enabled,AOT enabled)",-Xmn1400m -Xms1875m -Xmx1875m -Xaggressive -Xcompressedrefs -Xgcpolicy:gencon -XlockReservation -Xnoloa -XtlhPrefetch -Xlp -Xconcurrentlevel0 -Xthr:minimizeusercpu -Xgcthreads6 -Xgc:preferredHeapBase=0x80000000,"start /NODE [0, 1, 2, 3]/affinity [3F,FC0,3F000]",12,1875,1875,64,083,085,SSJ 1.2.10,Controller,"IBM WebSphere Application Server V8.5.0.0, Microsoft Hotfix for Windows (KB2510206)",";;;Set ""Hardware Prefetcher = Disabled"";;;Set ""Adjacent Cache Line Prefetcher = Disabled"";;;Set ""DCU Streamer Prefetcher = Disabled"";;;Set ""VMX = Disabled"";;;Set ""Power Technology = Custom"";;;Set ""Turbo Mode = Disabled"";;;set ""C-state = Enable"";;;set ""C state limit = C6(non-retention);;;Set ""COD = Enabled"";;;Set ""Early Snoop = Disabled"";;;Set ""sSATA Controller = Disabled"";;;Set ""QPI Link Speed = 6.4 GT/s""",none,";;;Start the benchmark via Windows RDP.;;;Using the local security settings console, ""lock pages in memory"" was enabled for the user running the benchmark.;;;Set ""Turn off hard disk after = 1 minute"".;;;Microsoft Hotfix KB2510206 has been installed due to known problems of the group assignment algorithm which does not create a balanced group assignment.;;;Minimum processor state set to 0%;;;Maxmum processor state set to 100%;;;Each JVM instance was bound to 6 logical processors",13930080844567651011,Jan,2015,intel,xeone5-2699v3,,36,2,72,1.0,550.0,xeon,256.0,45000.0,haswell,145.0,,,,False,True,,False,0,52.5,0,128.0,36,2015,145.0,52.5
1108,Supermicro Inc.,1176,Single Node,Supermicro Inc.,"Zhonghe Dist, New Taipei City, Taiwan (R.O.C.)","Dec 20, 2018",Apr-2019,Mar-2019,"Apr 2, 2019",Single Supplier,Server,Line-powered,Supermicro Inc.,SYS-1029U-TR4,1U,Intel Xeon Platinum 8280L 2.70GHz,"28-Core, 2.70 GHz, 38.5MB L3 Cache",2700,"56 cores, 2 chips, 28 cores/chip",112 (2 / core),"1,2 chip",32 KB I + 32 KB D on chip per core,1 MB I+D on chip per core,39424 KB I+D on chip per chip,,384.0,12 x 32 GB,"12 x 32GB 2Rx4 PC4-2666P; CPU1/2 A1,B1,C1,D1,E1,F1 populated.",1 x 750,PWS-751P-1R (S/N:P751PCH16A00814),1 x Samsung SATA III 480 GB SSD (S/N:MZ7KM480HAHP-00005),onboard SCU controller,"1 x Quad-port RSC Intel I350 Gigabit Ethernet controller, AOC-UR-i4G",4/4/1,1000,KVM,KVM,KVM,No,,Power Saver (see SUT Notes),Microsoft Windows Server 2012 R2 Datacenter,Version 6.3.9600 Build 9600,NTFS,Oracle Corporation,"Java HotSpot(TM) 64-Bit Server VM (build 24.80-b11, mixed mode), version 1.7.0_80",-server -Xmn1300m -Xms1500m -Xmx1500m -XX:SurvivorRatio=1 -XX:TargetSurvivorRatio=99 -XX:ParallelGCThreads=2 -XX:AllocatePrefetchDistance=256 -XX:AllocatePrefetchLines=4 -XX:LoopUnrollLimit=45 -XX:InitialTenuringThreshold=12 -XX:MaxTenuringThreshold=15 -XX:InlineSmallCode=3900 -XX:MaxInlineSize=270 -XX:FreqInlineSize=2500 -XX:+AggressiveOpts -XX:+UseLargePages -XX:+UseParallelOldGC,"start /NODE [0,2] /AFFINITY [3, C, 30, C0, C000, 30000, C0000, 30000000, C0000000, 300000000, C00000000, C0000000000, 300000000000, C00000000000];start /NODE [1,3] /AFFINITY [3, C, 30, 3000, C000, 30000, C0000, 30000000, C0000000, 300000000, C00000000, C0000000000, 300000000000, C00000000000]",56,1500,1500,64,X11DPU9_111,SMT_X11AST2500_164,SSJ 1.2.10,Controller,Microsoft Windows KB4054519,;;;Hardware Prefetcher: Disabled;;;Adjacent Cache Prefetch: Disabled;;;DCU Streamer Prefetcher: Disabled;;;LLC Prefetch: Enabled;;;Power Technology: Custom;;;Power Performance Tuning: BIOS Controls EPB;;;ENERGY_PERF_BIAS_CFG: Max Power Efficient;;;Hardware P-States: Native mode;;;Autonomous Core C-state: Enabled;;;Package C State: No Limit;;;Enforce POR: Disable;;;Memory Frequency: 2666;;;Page Policy: Adaptive;;;IMC Interleaving: 1-way Interleave;;;ADDDC Sparing: Disable;;;Patrol Scrub: Disable,,";;;SPECpower_ssj.props input.load_level.number_warehouses set to 112 due to a known inconsistency in processor reporting with this Java version.;;;The test was started via Remote Desktop;;;JVM Settings:;;;Each JVM instance was affinitized to two threads.;;;Using the local security settings console, &quot;lock pages in memory&quot; was enabled for the user running the benchmark.;;;Windows Power Saver Settings:;;;Turn off Hard Disk after 1 minute;;;Turn off Display after 1 minute;;;Enable protection against speculative execution side-channel vulnerabilities according to Microsoft guidance: https://support.microsoft.com/en-us/help/4072698/windows-server-guidance-to-protect-against-the-speculative-execution (Nov 15, 2018);;;N/A: The test sponsor attests, as of date of publication, that CVE-2017-5754 (Meltdown) is mitigated in the system as tested and documented.;;;YES: The test sponsor attests, as of date of publication, that CVE-2017-5753 (Spectre variant 1) is mitigated in the system as tested and documented.;;;YES: The test sponsor attests, as of date of publication, that CVE-2017-5715 (Spectre variant 2) is mitigated in the system as tested and documented.",14683272624865285071,Apr,2019,intel,xeonplatinum8280l,,56,2,112,1.0,750.0,xeon,1000.0,39424.0,cascadelake,205.0,True,,,,True,,False,90,359.0,90,384.0,56,2019,205.0,359.0
6733,IBM Corporation,11,Single Node,IBM Corporation,"Taipei, Taiwan","Oct 16, 2012",Sep-2012,Dec-2012,"Oct 31, 2012",Single Supplier,Server,Line-powered,IBM Corporation,IBM System x3500 M4,Tower,Intel Xeon E5-2660 2.20 GHz (Intel Turbo Boost Technology up to 3.00 GHz),"8-Core, 2.20 GHz, 20MB L3 Cache",2200,"16 cores, 2 chips, 8 cores/chip",32 (2 / core),"1,2 chips",32 KB I + 32 KB D on chip per core,256 KB I+D on chip per core,20 MB I+D on chip per chip,,24.0,6 x 4096 MB,"4GB 2Rx8 PC3L-10600E; slots 1, 4, 12, 13, 16 and 24 populated",1 x 750,IBM 750w PSU(43X3313),"1 x 128 GB SSD, IBM P/N: 90Y8648",Integrated SATA controller,4 x Integrated Intel I350 Gigabit Ethernet Controller,1/1/1,1000,,,,No,,IBM Power Profile,Microsoft Windows Server 2008 Enterprise Edition x64,R2 SP1,NTFS,IBM Corporation,"IBM J9 VM (build 2.6, JRE 1.7.0 Windows Server 2008 R2 amd64-64 20120322_106209 (JIT enabled, AOT enabled)",-Xaggressive -Xcompressedrefs -Xmn1100m -Xms1500m -Xmx1500m -XlockReservation -Xnoloa -XtlhPrefetch -Xlp -Xconcurrentlevel0,"start /affinity [F,F0,F00,F000,F0000,F00000,F000000,F0000000]",8,1500,1500,64,Y5E123D,1AOO31M,SSJ 1.2.9,Controller,IBM SDK Java Technology Edition Version 7.0 for Windows x64,";;;BIOS Settings;;;Operating Mode: Custom Mode;;;Hardware Prefetcher: Disable;;;Adjacent Cache Prefetch: Disable;;;DCU Streamer Prefetcher: Disable;;;QPI Link Frequency: Minimal Power;;;Memory Power Management:Automatic;;;Patrol Scrub: Disable;;;Power Performance Bias: OS Controlled;;;Disable Ethernet 2, 3 and 4;;;Commands over USB interface: Disabled",,";;;Each JVM instance was affinitized to four logical cores per socket.;;;Using the local security settings console, &quot;lock pages in memory&quot; was enabled for the user running the benchmark.;;;Display set to turn off after 1 minute;;;KVM was disconnected prior to starting measurements",17025097987661871180,Sep,2012,intel,xeone5-2660,3.0,16,2,32,1.0,750.0,xeon,256.0,20000.0,sandybridge,95.0,True,,,,,,False,0,57.3,0,24.0,16,2012,95.0,57.3
473,Hewlett-Packard Company,3,Single Node,Hewlett-Packard Company,"Houston, TX","Jan 15, 2008",Feb-2008,Dec-2007,"Jan 30, 2008",Single Supplier,Server,Line-powered,Hewlett-Packard Company,"Proliant DL180 G5 (3.00 GHz, Intel Xeon processor E5450)",--,Intel Xeon E5450,"3.00 GHz, 2x6 MB L2 shared, 1333 MHz system bus",3000,"8 cores, 2 chips, 4 cores/chip",8 (1 / core),"1,2 chips",32 KB I + 32 KB D on chip per core,"12 MB I+D on chip per chip, 6 MB shared / 2 cores",,,16.0,"2x4096 MB, 4x2048 MB",PC2-5300P CL5; slots 1-2 4096 MB; slots 3-6 2048 MB,1 x 750,HP part # HSTNS-PL12,"1 x 60GB HP, 1.5G, 5.4K, 2.5&quot; SFF SATA HDD",Integrated ICH-9 SATA,1xNC105i,1/1/1,1000,KVM,KVM,KVM,,,,Microsoft Windows Server 2003 x64 Enterprise Edition,R2,NTFS,"BEA Systems, Inc.","BEA JRockit(R) (build P27.4.0-10-90053-1.6.0_02-20071009-1827-windows-x86_64, compiled mode)","-Xms3600m -Xmx3600m -Xns3100m -XXaggressive -XXlargePages -XXthroughputCompaction -XXcallprofiling -XXlazyUnlocking -Xgc:genpar -XXgcthreads:2 -XXtlasize:min=12k,preferred=1024k","Used &quot;start /affinity&quot; with &quot;0x3&quot;,&quot;0xc&quot;,&quot;0x30&quot; and &quot;0xc0&quot; CPU masks.",8,3600,3600,64,--,--,SSJ 1.1,Controller,,--,--,";;;Each JVM instance was affinitized to a pair of cores in a socket.;;;Using the local security settings console, &quot;lock pages in memory&quot; was enabled for the user running the benchmark.;;;BIOS Settings ;;;Adjacent Sector Prefetch Disabled.;;;Hardware Prefetch Disabled.",8335830804129628267,Feb,2008,intel,xeone5450,,8,2,8,1.0,750.0,xeon,12000.0,,core,80.0,,,,,,,False,100,244.0,100,16.0,8,2008,80.0,244.0
2254,NEC Corporation,9006,Single Node,NEC Corporation,"Fuchu, Tokyo, Japan",2008/07/24,May-2008,May-2008,"Aug 13, 2008",Single Supplier,Server,Line-powered,NEC Corporation,Express5800/i120Ra-e1(Intel Xeon L5410),--,Intel Xeon L5410,"2.33 GHz, 2x6 MB L2 shared, 1333 MHz bus",2333,"8 cores, 2 chips, 4 cores/chip",8 (1 / core),"1,2",32 KB I + 32 KB D on chip per core,"12 MB I+D on chip per chip, 6 MB shared / 2 cores",,,8.0,2 x 4096 MB,"PC2-5300P, 2 rank, CL5-5-5, ECC",1 x 350,Delta DPS-350QB-2 H,1 x 80GB 7.2K RPM SATAII,Integrated SATA controller,2 x Onboard Gigabit,2/1/1,1000,KVM,KVM,KVM,,,Enabled (see SUT Notes),Microsoft(R) Windows(R) Server 2003 R2 Enterprise x64 Edition,Service Pack 2,NTFS,"BEA System, Inc.","BEA JRockit(R) (build R27.5.0-110_o-99226-1.6.0_03-20080528-1505-windows-x86_64, compiled mode)","-Xms1600m -Xmx1600m -XXaggressive -Xgc:genpar -Xns1300m -XXgcthreads:2 -XXoptThreads:2 -XlargePages -XXlazyUnlocking -XXcallprofiling -XXtlasize:min=12k,preferred=256k -XXthroughputcompaction","start /affinity [03,0C,30,C0]",8,1600,1600,64,--,--,SSJ 1.1,Controller,,--,--,";;;Each JVM instance was affinitized to two CPU cores.;;;Using the local security settings console, &quot;lock pages in memory&quot; was enabled for the user running the benchmark.;;;Power Profile set to &quot;Server Balanced Processor Power and Performance&quot;;;;Adjacent Sector Prefetcher disabled in BIOS.;;;Hardware Prefetcher disabled in BIOS.",8107779070551468234,May,2008,intel,xeonl5410,,8,2,8,1.0,350.0,xeon,12000.0,,core,50.0,,,,,,,False,70,170.0,70,8.0,8,2008,50.0,170.0
3611,Acer Incorporated,97,Single Node,Acer Incorporated,"Taipei, R.O.C.","Jan 23, 2011",Jan-2012,Dec-2010,"Mar 14, 2012",Single Supplier,Server,Line-powered,Acer Incorporated,Acer AR385 F1,2U,AMD Opteron 6238,"12-Core, 2.60 GHz, 16 MB L3 cache",2600,"24 cores, 2 chips, 12 cores/chip",24 (1 / core),"2,4 chips",384 KB I + 192 KB D on chip per chip,"12 MB I+D on chip per chip, 2 MB shared / 2 cores","16 MB I+D on chip per chip, 8 MB shard / 6 cores",,32.0,8 x 4096 MB,"4GB 2Rx8 PC3L-10600E; slots 1A, 2A, 3A and 4A populated on each processor",1 x 720,PWS-721P-1R,"1 x 300GB SATA 10K RPM 2.5&quot; HDD, Acer part #TC.32700.088",onboard SATA controller,2 x dual-port Intel 82576EB Gigabit Ethernet controller,2/2/1,1000,KVM,KVM,KVM,No,,Power save enabled in OS,"Windows Server 2008, Enterprise Edition",R2,NTFS,IBM Corporation,"IBM J9 VM (build 2.4, JRE 1.6.0 IBM J9 2.4 Windows Server 2008 amd64-64 jvmwa6460sr9-20101209_70480 (JIT enabled, AOT enabled)",-Xmn1400m -Xms1875m -Xmx1875m -Xaggressive -Xcompressedrefs -Xgcpolicy:gencon -XlockReservation -Xnoloa -Xlp,"start /affinity [0x7, 0x38, 0x1C0, 0xE00, 0x7000, 0x38000, 0x1C0000, 0xE00000]",8,1875,1875,64,P03T01,1.40,SSJ 1.2.9,Controller,IBM Websphere Application Server V7.0 for Windows on x86-64bit,;;;BIOS Setting:;;;Load Optimal Defaults;;;Fan Speed Control Modes: Engery Saving /ES,,";;;Each JVM instance was affinitized to 6 cores in a socket.;;;Using the local security settings console, &quot;lock pages in memory&quot; was enabled.;;;AR385 F1 with Opteron 6238 is currently available in France, Germany, Italy and Spain.",16488562621784153973,Jan,2012,amd,opteron6238,,24,2,24,1.0,720.0,opteron,12000.0,16000.0,opteron,115.0,,,,,,,,50,204.0,50,32.0,24,2012,115.0,204.0
4700,"Hitachi, Ltd.",35,Single Node,"Hitachi, Ltd.","Hadano, Kanagawa, Japan","Feb 3, 2011",Dec-2010,Jun-2010,"Mar 9, 2011",Single Supplier,Server,Line-powered,"Hitachi, Ltd.",HA8000/RS220 (LK1),2U,Intel Xeon X5670,"Six Core, 2.93GHz, 12MB L3 Cache",2933,"12 cores, 2 chips, 6 cores/chip",24 (2 / core),"1,2 chips",32 KB I + 32 KB D on chip per core,256 KB I+D on chip per core,12 MB I+D on chip per chip,,24.0,6 x 4096 MB,"4GB 2Rx4 PC3L-10600R ECC CL9; slots DIMM_#02,#04.#06,#08,#10 and DIMM_#12 populated",1 x 750,DELTA DPS-750HB (Hitachi P/N:GQ-BP2351),1 x 64GB SSD SATA (Hitachi P/N:GQ-UH70645G),Diskarray Controller Board,1 x Intel 82576EB Gigabit Network Connection (onboard),2/1/1,1000,,,,Yes,,Enabled (Power saver),Microsoft Windows Server 2008 R2 Standard,R2,NTFS,IBM Corporation,"IBM J9 VM (build 2.4, JRE 1.6.0 IBM J9 2.4 Windows Server 2008 amd64-64 jvmwa6460sr7-20100219_54049(JIT enabled, AOT enabled)",-Xaggressive -Xcompressedrefs -Xgcpolicy:gencon -Xms1500m -Xmx1500m -Xmn1100m -XlockReservation -Xnoloa -XtlhPrefetch -Xlp,"start /affinity [3,C,30,C0,300,C00,3000,C000,30000,C0000,300000,C00000]",12,1500,1500,64,7TTSHE-F9,08.38,SSJ 1.2.6,Controller,IBM WebSphere Application Server V7.0 for Windows on x86-64bit,;;;Turbo mode Disabled.;;;Hardware Prefetcher Disabled.;;;Adjacent Cache Line Prefetcher Disabled.;;;Date Reuse Optimization Disabled.;;;DCU Streamer Prefetcher Disabled.;;;DCU IP Prefetcher Disabled.;;;Memory Frequency set to DDR3-1067MHz.,,";;;Each JVM instance was affinitized to two logical processors.;;;Using the local security settings console, &quot;lock pages in memory&quot; was enabled for the user running the benchmark.;;;Windows power profile set to &quot;Power saver&quot;.;;;Turn off Hard Disks after 1 minute.;;;Processor power management Minimum processor state set to 0%.;;;Processor power management Maximum processor state set to 100%.;;;Run was started via Remote Desktop.",9853063357764414626,Dec,2010,intel,xeonx5670,,12,2,24,1.0,750.0,xeon,256.0,12000.0,nehalem,95.0,True,,,False,,,False,30,181.0,30,24.0,12,2010,95.0,181.0
6306,Hewlett Packard Enterprise,3,Single Node,Hewlett Packard Enterprise,"Houston, TX, USA","Mar 11, 2019",Apr-2019,Mar-2018,"Apr 2, 2019",Single Supplier,Server,Line-powered,Hewlett Packard Enterprise,ProLiant DL360 Gen10,1U,Intel Xeon Platinum 8280 @ 2.70GHz,"28-Core, 2.70 GHz, 38.5MB L3 Cache",2700,"28 cores, 1 chip, 28 cores/chip",56 (2 / core),"1,2 chips",32 KB I + 32 KB D on chip per core,1 MB I+D on chip per core,39424 KB I+D on chip per chip,,48.0,6 x 8182 MB,"6 x 8GB 2Rx8 PC4-2666V-R; slots 1, 3, 5, 8, 10, and 12 populated in each socket",1 x 800,HPE 800W Flex Slot Titanium Hot Plug Low Halogen Power Supply 96% (865438-B21),1 x HPE 240GB SATA M.2 2280 SSD (875488-B21),Embedded SATA Controller,1 x HPE Ethernet 1Gb 4-port 331i Adapter,4/4/1,1000,,,,No,,Enabled (see SUT Notes),SUSE Linux Enterprise Server 12 SP4,4.12.14-94.41-default,XFS,Oracle Corporation,"Oracle Java HotSpot(TM) 64-Bit Server VM (build 24.80-b11, mixed mode), version 1.7.0_80",-server -Xmn19g -Xms21g -Xmx21g -XX:SurvivorRatio=1 -XX:TargetSurvivorRatio=99 -XX:AllocatePrefetchDistance=384 -XX:AllocatePrefetchLines=4 -XX:LoopUnrollLimit=37 -XX:InitialTenuringThreshold=12 -XX:MaxTenuringThreshold=15 -XX:ParallelGCThreads=28 -XX:InlineSmallCode=3900 -XX:MaxInlineSize=270 -XX:FreqInlineSize=2500 -XX:+AggressiveOpts -XX:+UseLargePages -XX:+UseParallelOldGC,numactl --cpunodebind=[0-1] --localalloc,2,21000,21000,64,U32 v2.00 (02/02/2019),1.40 Feb 05 2019,SSJ 1.2.10,Controller,HPE Service Pack for ProLiant (SPP) - Version 2019.03.0 (Mar 2019),Serial Port Options:;;;Embedded Serial Port: Disabled;;;Virtual Serial Port: Disabled;;;BIOS Serial Console Port: DisabledUSB Options;;;USB Support: All USB Ports Disabled;;;USB Boot Support: Disabled;;;Internal SD Card Slot: DisabledProcessor Options;;;x2APIC: Disabled Memory Options;;;Memory Bus Frequency: 2400 MHz;;;Memory Patrol Scrubbing: DisabledVirtualization Options;;;SR-IOV: Disabled;;;VT-D: Disabled;;;VT-x: DisabledEmbedded SATA Configuration;;;Smart Array SW RAID SupportPower and Performance Options;;;Power Regulator: Dynamic Power Savings Mode (default) ;;;Intel Turbo Boost Technology: Disabled;;;Energy Efficient Turbo: Disabled (default: Enabled if Turbo Enabled);;;Energy Performance Bias: Power Savings Mode (default: Balanced Performance);;;Collaborative Power Control: Disabled (default: Enabled);;;Intel DMI Link Frequency: Gen 1 Speed;;;NUMA Group Size Optimization: Clustered;;;Sub-NUMA Clustering: EnabledProcessor Prefetcher Options;;;HW Prefetcher: Disabled;;;Adjacent Sector Prefetch: Disabled;;;DCU Stream Prefetcher: Disabled;;;XPT Prefetcher: EnabledI/O options;;;Intel NIC DMA Channels (IOAT): DisabledIntel UPI Options;;;Intel UPI Link Frequency: Min UPI SpeedPCIe Device Configuration -> Advanced PCIe Configuration;;;Maximum PCI Express Speed: PCIe Generation 1.0;;;Embedded SATA Controller #1: DisabledAdvanced Service Options;;;AHS PCI Logging Level: Minimal Logging,See SUT Notes,"Benchmark started via SSH<br>SPECpower_ssj.props input.load_level.number_warehouses set to 56 to detect the full number of available processors on the SUT<br>OS tunings<br>;;;systemctl stop irqbalance.service;;;echo 970000 > /proc/sys/kernel/sched_rt_runtime_us;;;echo 40000000 > /proc/sys/kernel/sched_latency_ns;;;echo 15000 > /proc/sys/vm/dirty_expire_centisecs;;;echo 64 > /proc/sys/kernel/sched_nr_migrateApplied protection against speculative execution<br>;;;N/A: The test sponsor attests, as of date of publication, that CVE-2017-5754 (Meltdown) is mitigated in the system as tested and documented.;;;Yes: The test sponsor attests, as of date of publication, that CVE-2017-5753 (Spectre variant 1) is mitigated in the system as tested and documented.;;;Yes: The test sponsor attests, as of date of publication, that CVE-2017-5715 (Spectre variant 2) is mitigated in the system as tested and documented.;;;Yes: The test sponsor attests, as of date of publication, that CVE-2018-3640 (Variant 3a) is mitigated in the system as tested and documented.;;;Yes: The test sponsor attests, as of date of publication, that CVE-2018-3639 (Variant 4) is mitigated in the system as tested and documented.",7905282350808080820,Apr,2019,intel,xeonplatinum8280,,28,1,56,1.0,800.0,xeon,1000.0,39424.0,cascadelake,205.0,True,,False,False,,,False,0,37.3,0,48.0,28,2019,205.0,37.3
1244,Hewlett Packard Enterprise,3,Single Node,Hewlett Packard Enterprise,"Houston, TX, USA","Feb 14, 2022",Mar-2022,Oct-2020,"Mar 24, 2022",Single Supplier,Server,Line-powered,Hewlett Packard Enterprise,ProLiant DL20 Gen10 Plus,1U,Intel(R) Xeon(R) E-2388G CPU 3.20GHz,"8-Core, 3.20 GHz, 16MB L3 Cache",3200,"8 cores, 1 chip, 8 cores/chip",16 (2 / core),1 chip,32 KB I + 48 KB D on chip per core,512 KB I+D on chip per core,16 MB I+D on chip per chip,,16.0,2 x 8192 MB,"8GB 1Rx8 PC4-3200AA-ED2-11; slots 1, 3 populated",1 x 290,HPE 290W 94% Non-Redundant FIO Platinum Power Supply (P21649-B21),1 x HPE 240GB M.2 SATA M.2 2280 5300B SSD (P19888-B21),Embedded SATA Controller,1 x HPE Ethernet 1Gb 2-port BASE-T BCM5720 Adapter (onboard),2/2/1,1000,,,,No,,Enabled (see SUT Notes),SUSE Linux Enterprise Server 12 SP5,4.12.14-120-default,xfs,Oracle Corporation,"Java HotSpot(TM) 64-Bit Server VM 18.9 (build 11.0.9+7-LTS, mixed mode)",-server -Xmn11500m -Xms13000m -Xmx13000m -XX:+UseLargePages -XX:AllocatePrefetchDistance=256 -XX:AllocatePrefetchInstr=0 -XX:AllocatePrefetchLines=4 -XX:InlineSmallCode=3900 -XX:MaxInlineSize=270 -XX:ParallelGCThreads=8 -XX:SurvivorRatio=1 -XX:TargetSurvivorRatio=99 -XX:+UseParallelOldGC -XX:FreqInlineSize=2500 -XX:MinJumpTableSize=18 -XX:UseAVX=0 -XX:+UseBiasedLocking -XX:-ThreadLocalHandshakes -XX:+UseHugeTLBFS -XX:+UseTransparentHugePages,numactl --cpunodebind=0 --localalloc,1,13000,13000,64,U60 v1.54 (01/13/2022),2.55 Oct 01 2021,SSJ 1.2.10,Controller,,BIOS Platform Configuration (RBSU):;;;USB Control: All USB Ports Disabled;;;Processor x2APIC Support: Disabled;;;VT-D: Disabled;;;Intel Virtualization (Intel VT): Disabled;;;Power Regulator:  OS Control Mode;;;Intel Turbo Boost Technology: Disabled;;;Intel DMI Link Frequency: Gen1 Speed;;;HW Prefetcher: Disabled;;;Adjacent Sector Prefetch: Disabled;;;DCU Stream Prefetcher: Disabled;;;Maximum PCI Express Speed: PCIe Generation 1.0,See SUT Notes,";;;SPECpower_ssj.props input.load_level.number_warehouses set to 16 to detect the full number of available processors on the SUT;;;OS Tunes:;;;Kernel Parameter: intel_pstate=passive;;;modprobe cpufreq_conservative;;;cpupower frequency-set -g conservative;;;echo 3000000 > /sys/devices/system/cpu/cpufreq/conservative/sampling_rate;;;echo 92 > /sys/devices/system/cpu/cpufreq/conservative/up_threshold;;;echo 1 > /sys/devices/system/cpu/cpufreq/conservative/freq_step;;;echo 91 > /sys/devices/system/cpu/cpufreq/conservative/down_threshold;;;echo always > /sys/kernel/mm/transparent_hugepage/enabled;;;echo 0 > /proc/sys/kernel/nmi_watchdog;;;Applied protection against speculative execution;;;Yes: The test sponsor attests, as of date of publication, that CVE-2017-5754 (Meltdown) is mitigated in the system as tested and documented.;;;Yes: The test sponsor attests, as of date of publication, that CVE-2017-5753 (Spectre variant 1) is mitigated in the system as tested and documented.;;;Yes: The test sponsor attests, as of date of publication, that CVE-2017-5715 (Spectre variant 2) is mitigated in the system as tested and documented.",838180874564614830,Mar,2022,intel,xeone-2388g,,8,1,16,1.0,290.0,xeon,512.0,16000.0,rocketlake,95.0,,,,False,,,False,80,55.9,80,16.0,8,2022,95.0,55.9
3475,Intel Corp.,3184,Single Node,"Principled Technologies, Inc.","Durham, NC, USA","Jan 21, 2011",Feb-2006,May-2009,"Feb 23, 2011",Single Supplier,Server,Line-powered,Hewlett-Packard Company,ProLiant ML110 G3 (Historical),Tower,Intel Pentium D Processor 930,"Dual-Core, 3.00 GHz, 4 MB L2 Cache, 800 MHz system bus",3000,"2 cores, 1 chip, 2 cores/chip",2 (1 / core),1 chip,16 K micro-ops I + 16 KB D on chip per chip,4 MB I+D on chip per chip,,,4.0,4 x 1024 MB,1GB 2Rx8 PC2-4200E; all slots populated,1 x 350,HP part #381868-002,2 x 160GB 7.2K RPM SATA RAID 1,Integrated SATA controller with embedded RAID,1 x NC105i Gigabit Server Adapter,1/1/1,1000,KVM,KVM,KVM,Yes,,Enabled (see SUT Notes),"Microsoft Windows Server 2003, Enterprise x64 Edition","SP2, Build 3790",NTFS,Oracle Corporation,"Oracle JRockit(R)(build P28.0.0-29-114096-1.6.0_11-20090427-1759-windows-x86_64, compiled mode)","-Xms3000m -Xmx3000m -Xns2400m -XXaggressive -XXlargePages -XXthroughputCompaction -XXcallprofiling -XXlazyUnlocking -Xgc:genpar -XXgcthreads:2 -XXtlasize:min=12k,preferred=1024k",,1,3000,3000,64,CPQO6 2006.08.17,,SSJ 1.2.6,Controller,,"Hardware Prefetcher disabled in BIOS, Adjacent Cache Line Prefetch disabled in BIOS",,";;;Using the local security settings console, &quot;lock pages in memory&quot; was enabled for the user running the benchmark.;;;OS Power Scheme;;;Power Option: Server Balanced Processor Power and Performance",12736814091431940279,Feb,2006,intel,pentiumd930,,2,1,2,1.0,350.0,pentium,4000.0,,,,,,,,,,False,50,137.0,50,4.0,2,2006,95.0,137.0
1768,Sugon,9046,Single Node,Sugon,"Beijing, CHN","May 26, 2018",Feb-2018,Jan-2018,"Aug 15, 2018",Single Supplier,Server,Line-powered,Sugon,I620-G30 (Intel Xeon Gold 6140),2U,Intel Xeon Gold 6140,"18-Core, 2.3GHz, 24.75MB L3 Cache",2300,"36 cores, 2 chips, 18 cores/chip",72 (2 / core),"1,2 chips",32 KB I + 32 KB D on chip per core,1 MB I+D on chip per core,25344 KB I+D on chip per chip,,192.0,12 x 16 GB,16GB 2Rx8 PC4-2666V-R(P/N:M393A2K43CB2-CTD6Q); slots DIMM_CPU[0-1]_[A-F]0 populated,1 x 550,ARTESYN 550W PSU(P/N:CSU550AP-3-200),1 x 120GB M.2 SATA SSD(P/N:SU120GBSS3M55M28NE),Integrated onboard SATA controller,1 x Integrated onboard Ethernet 1Gb with 2-port RJ45 Adapter,2/1/1,1000,,,,No,,Enabled (see SUT Notes),Microsoft Windows Server 2012 R2 Datacenter,Version 6.3 (Build 9600),NTFS,Oracle Corporation,"Oracle Java HotSpot(TM) 64-Bit Server VM (build 24.80-b11, mixed mode), version 1.7.0_80",-server -Xmn1300m -Xms1550m -Xmx1550m -XX:SurvivorRatio=1 -XX:TargetSurvivorRatio=99 -XX:ParallelGCThreads=2 -XX:AllocatePrefetchDistance=256 -XX:AllocatePrefetchLines=4 -XX:LoopUnrollLimit=45 -XX:InitialTenuringThreshold=12 -XX:MaxTenuringThreshold=15 -XX:InlineSmallCode=3900 -XX:MaxInlineSize=270 -XX:FreqInlineSize=2500 -XX:+AggressiveOpts -XX:+UseLargePages -XX:+UseParallelOldGC,"start /NODE [0,1,2,3] /AFFINITY [0x3,0xC,0x30,0xC0,0x300,0xC00,0x3000,0xC000,0x30000]",36,1550,1550,64,JGS012,Ver 0.70,SSJ 1.2.10,Controller,,";;;The BIOS option of ""Sugon Performance Profile"" set as ""Energy-Efficient Mode"". When the system is running at ""Energy-Efficient Mode"", the BIOS will be set for power saving usage, and the following options will be altered from Default value:;;;Turbo Boost Technoloy=Disabled;;;HW Prefetcher=Disabled;;;Ajacent Sector Prefetch=Disabled;;;DCU Stream Prefetcher=Disabled;;;UPI Link Frequency Select=9.6 GT/s;;;C0M0/EMS Console Redirection = Disabled;;;SNC=Enabled;;;IMC Interleaving=1-way Interleave;;;Patrol Scrub=Disable;;;EIST PSD Function=SW_ALL;;;Hardware P-States=Disabled;;; Package C State=No Limit;;;USB SS Physical Connector [0-9] = Disabled;;;Socket 0,1 Pcie Port[ 1A, 2A, 3A, 3B, 3C, MCP 0, MCP 1.D-State=D3 Hot;;;Workload Configuration=NUMA;;;PCH DMI ASPM = ASPM L1",;;;Fan speed set as &quot;Silent Mode&quot;,";;;Using the local security settings console, &quot;lock pages in memory&quot; was enabled for the user running the benchmark.;;;SPECpower_ssj.props input.load_level.number_warehouses set to 72 due to a known inconsistency in processor reporting with this Java version.;;;Run initiated via Windows Remote Desktop Connection;;;Windows Power Options=Balanced Mode;;;No: The test sponsor attests, as of date of publication, that CVE-2017-5754 (Meltdown) is mitigated in the system as tested and documented.;;;No: The test sponsor attests, as of date of publication, that CVE-2017-5753 (Spectre variant 1) is mitigated in the system as tested and documented.;;;No: The test sponsor attests, as of date of publication, that CVE-2017-5715 (Spectre variant 2) is mitigated in the system as tested and documented.",7461355911992473049,Feb,2018,intel,xeongold6140,,36,2,72,1.0,550.0,xeon,1000.0,25344.0,skylake,140.0,,,,False,True,,False,80,279.0,80,192.0,36,2018,140.0,279.0
6581,Hewlett Packard Enterprise,3,Single Node,Hewlett Packard Enterprise,"Houston, TX, USA","Feb 18, 2021",Mar-2021,Jul-2020,"Mar 15, 2021",Single Supplier,Server,Line-powered,Hewlett Packard Enterprise,ProLiant DL385 Gen10 Plus,2U,AMD EPYC 7763 2.45 GHz,"64-Core, 2.45GHz 256MB L3 Cache",2450,"128 cores, 2 chips, 64 cores/chip",256 (2 / core),"1,2 chips",32 KB I + 32 KB D on chip per core,512 KB I+D on chip per core,256 MB I+D on chip per core,,256.0,16 x 16384 MB,"8GB 1Rx8 PC4-3200AA-R slots 1, 3, 5, 7, 10, 12, 14 &amp; 16 on each socket",1 x 800,HPE 800W Flex Slot Titanium Hot Plug Low Halogen Power Supply Kit (865438-B21),1 x HPE 480GB SATA 6G SSD (P05976-B21),,1 x Intel Ethernet I350 4-Port 1Gb NIC,4/4/1,1000,,,,No,,Enabled (see SUT Notes),SUSE Linux Enterprise Server 12 SP5,4.12.14-122.17-default,xfs,Oracle Corporation,"Java HotSpot(TM) 64-Bit Server VM 18.9 (build 11.0.8+10-LTS, mixed mode)",-server -Xmn1450m -Xms1700m -Xmx1700m -XX:SurvivorRatio=1 -XX:TargetSurvivorRatio=99 -XX:ParallelGCThreads=2 -XX:AllocatePrefetchDistance=256 -XX:AllocatePrefetchLines=2 -XX:LoopUnrollLimit=45 -XX:InitialTenuringThreshold=12 -XX:MaxTenuringThreshold=15 -XX:InlineSmallCode=3900 -XX:MaxInlineSize=270 -XX:FreqInlineSize=2500 -XX:+UseLargePages -XX:+UseParallelOldGC -XX:LargePageSizeInBytes=2m -XX:+UseBiasedLocking -XX:+UseHugeTLBFS -XX:+UseTransparentHugePages,"for each physicalCore { numactl -C physicalCoreId, physicalCoreId + 128 }",128,1700,1700,64,A42 v2.40 (02/15/2021),2.40 Feb 07 2021,SSJ 1.2.10,Controller,,BIOS Platform Configuration (RBSU):;;;BIOS Serial Console Port: Disabled;;;USB Support: All USB Ports Disabled;;;Determinism Control: Manual;;;Performance Determinism : Power Determinism;;;Memory Interleaving Mode: Disabled;;;Maximum Memory Bus Frequency: 2400 MHz;;;DRAM Controller Power Down: Enabled;;;NUMA memory domains per socket: Four memory domains per socket;;;Last-Level Cache (LLC) As NUMA Node: Enabled;;;Data Fabric C-State Enable: Force Enabled;;;C-State Efficiency Mode: Enabled;;;AMD Core Performance Boost: Disabled;;;AMD Fmax Boost Limit Control: Manual;;;AMD Fmax Boost Limit: 2450;;;L1 Stream HW Prefetcher: Disabled;;;L2 Stream HW Prefetcher: Disabled;;;Maximum PCI Express Speed: PCIe Generation 1.0,See SUT Notes,";;;Benchmark started via ssh;;;SPECpower_ssj.props input.load_level.number_warehouses set to 256 due to a known inconsistency in processor reporting with this Java version;;;OS tunes:;;;echo -n 98 > /sys/devices/system/cpu/cpufreq/ondemand/up_threshold;;;echo -n 1000000 > /sys/devices/system/cpu/cpufreq/ondemand/sampling_rate;;;echo 6000 > /proc/sys/kernel/sched_migration_cost_ns;;;echo 10000000 > /proc/sys/kernel/sched_min_granularity_ns;;;echo 0 > /proc/sys/kernel/nmi_watchdog;;;Applied protection against speculative execution;;;N/A: The test sponsor attests, as of date of publication, that CVE-2017-5754 (Meltdown) is mitigated in the system as tested and documented.;;;Yes: The test sponsor attests, as of date of publication, that CVE-2017-5753 (Spectre variant 1) is mitigated in the system as tested and documented.;;;Yes: The test sponsor attests, as of date of publication, that CVE-2017-5715 (Spectre variant 2) is mitigated in the system as tested and documented.",17402465009940383176,Mar,2021,amd,epyc7763,,128,2,256,1.0,800.0,epyc,512.0,256000.0,epyc-gen3,280.0,True,,,False,True,,False,0,120.0,0,256.0,128,2021,280.0,120.0
3682,Dell Inc.,55,Single Node,Dell Inc.,"Round Rock, TX, USA","Aug 21, 2009",Aug-2009,May-2009,"Oct 21, 2009",Single Supplier,Server,Line-powered,Dell Inc.,"PowerEdge R710 (Intel Xeon L5530, 2.40 GHz)",2U,Intel Xeon L5530,"Quad Core, 2.40 GHz, 8 MB L3 Cache",2400,"8 cores, 2 chips, 4 cores/chip",16 (2 / core),"1,2 chip",32 KB I + 32 KB D on chip per core,256 KB I+D on chip per core,8 MB I+D on chip per chip,,8.0,4 x 2048 MB,"2GB 2Rx8 PC3-8400E ECC, Slots A1-A2 and B1-B2 populated",1 x 570,Dell PN FU100,1 x 50 GB 2.5&quot; SATA SSD (Dell SKU 341-8857),SAS 6iR,2 x dual-port onboard Broadcom NetXtreme II BCM5709,2/1/1,1000,,,,No,,Power Saver,Microsoft Windows 2008 Enterprise x64 Edition,SP2 (64-bit),NTFS,Oracle Corporation,"Oracle JRockit(R)6 P28.0.0 (build P28.0.0-29-114096-1.6.0_11-20090427-1759-windows-x86_64, compiled mode)","-Xms1650m -Xmx1650m -Xns1500m -XXaggressive -XlargePages -XXcallprofiling -Xgc:genpar -XXgcthreads:4 -XXtlasize:min=12k,preferred=1024k","start /affinity [0F,F0,F00,F000]",4,1650,1650,64,1.2.6,A01,SSJ 1.2.6,Controller,,See SUT Notes,none,";;;Each JVM instance was affinitized to a pair of cores.;;;Using the local security settings console, &quot;lock pages in memory&quot; was enabled for the user running the benchmark.;;;NIC 3 & 4 Disabled in BIOS;;;Turbo Mode Disabled in BIOS;;;Hardware Prefetch Disabled in BIOS;;;Adjacent Cache Line Prefetch Disabled in BIOS",11742621730438254996,Aug,2009,intel,xeonl5530,,8,2,16,1.0,570.0,xeon,256.0,8000.0,nehalem,60.0,,,,False,,,False,50,124.0,50,8.0,8,2009,60.0,124.0
217,Lenovo Global Technology,9017,Single Node,Lenovo Global Technology,"Beijing, China","May 23, 2021",Jun-2021,May-2020,"Jun 30, 2021",Single Supplier,Server,Line-powered,Lenovo Global Technology,ThinkSystem SR655,2U,AMD EPYC 7763 2.45GHz,"64-Core, 2.45GHz, 256MB L3 Cache",2450,"64 cores, 1 chip, 64 cores/chip",128 (2 / core),1 chips,32 KB I + 32 KB D on chip per core,512 KB I+D on chip per core,256 MB I+D on chip per chip,,128.0,8 x 16384 MB,"8 x 16GB 2Rx8 PC4-3200AA-RE2-12; slots 1, 3, 5, 7, 10, 12, 14, and 16 populated",1 x 750,Lenovo P/N:7N67A00883,1 x 128GB M.2 SSD P/N:7N47A00130 M.2 Module P/N:4Y37A09738,Integrated SATA controller,1 x ThinkSystem Broadcom 1GbE 2-Port Ethernet Adapter P/N:7ZT7A00482,2/2/1,1000,,,,No,Test using the performance fan module P/N:4F17A14484,Enabled (see SUT Notes),Microsoft Windows Server 2019 Datacenter,Version 1809 (OS Build 17763.1217),NTFS,Oracle Corporation,"Java HotSpot(TM) 64-Bit Server VM 18.9 (build 11.0.4+10-LTS, mixed mode)",-server -Xmn1700m -Xms1950m -Xmx1950m -XX:SurvivorRatio=1 -XX:TargetSurvivorRatio=99 -XX:ParallelGCThreads=2 -XX:AllocatePrefetchDistance=256 -XX:AllocatePrefetchLines=2 -XX:LoopUnrollLimit=45 -XX:InitialTenuringThreshold=12 -XX:MaxTenuringThreshold=15 -XX:InlineSmallCode=3900 -XX:MaxInlineSize=270 -XX:FreqInlineSize=2500 -XX:+UseLargePages -XX:+UseParallelOldGC,"start /NODE [0-7] /AFFINITY [0xF,0xF0,0XF00,0XF000]",32,1950,1950,64,CFE125S(6.00),AMBT23l(4.11),SSJ 1.2.10,Controller,KB4551853,<UL>;;;Operating Mode: Maximum Efficiency;;;Determinism Slider: Performance;;;Core Performance Boost: Disable;;;Memory Speed: 2666MHz;;;L1 Stream HW Prefetcher: Disabled;;;L2 Stream HW Prefetcher: Disabled;;;Memory interleaving: Disabled;;;NUMA nodes per socket: NPS4;;;LLC as NUMA Node: Enabled;;;SVM Mode: Disabled</UL>,,"<UL>;;;Benchmark started via Windows Remote Desktop Connection;;;Using the local security settings console, &quot;lock pages in memory&quot; was enabled for the user running the benchmark;;;Test using the performance fan module;;;Balanced mode;;;Hard Disk set to turn off after 1 minute;;;Display set to turn off after 1 minute;;;Using Windows PowerShell, set the following powercfg properties:;;;Powercfg /setacvalueindex scheme_current sub_processor PROCTHROTTLEMIN 0;;;Powercfg /setacvalueindex scheme_current sub_processor PROCTHROTTLEMAX 100;;;Powercfg /setacvalueindex scheme_current sub_processor PERFEPP 0;;;Powercfg /setacvalueindex scheme_current sub_processor perfautonomous 1;;;Powercfg /setactive scheme_current;;;Each JVM instance was bound to 4 logical processors;;;N/A: The test sponsor attests, as of date of publication, that CVE-2017-5754 (Meltdown) is mitigated in the system as tested and documented;;; Yes: The test sponsor attests, as of date of publication, that CVE-2017-5753 (Spectre variant 1) is mitigated in the system as tested and documented;;;Yes: The test sponsor attests, as of date of publication, that CVE-2017-5715 (Spectre variant 2) is mitigated in the system as tested and documented </UL>",4675762680524812692,Jun,2021,amd,epyc7763,,64,1,128,1.0,750.0,epyc,512.0,256000.0,epyc-gen3,280.0,True,,,,,,False,100,228.0,100,128.0,64,2021,280.0,228.0
4216,Intel Corp.,13,Single Node,Intel Corp.,"Hillsboro, Oregon, USA","Jan 10, 2008",Nov-2007,Nov-2007,"Feb 13, 2008",Single Supplier,Server,Line-powered,"Super Micro Computer, Inc.",Supermicro 6025B-TR+ (Intel Xeon processor E5345),--,Intel Xeon processor E5345,"Quad-Core 2.33GHz, 8 MB L2, 1333 MHz system bus",2333,"8 cores, 2 chips, 4 cores/chip",8 (1 / core),"1,2",32 KB I + 32 KB D on chip per core,8 MB I+D on chip / chip,,,8.0,4x 2GB,"Hynix HYMP525F72BP4D2-Y5 AB-T 2GB 2Rx4 PC2-5300F-555-11 FBDIMM; slots 1A, 2A, 3A, 4A populated",1 x 700W,ABLECOM PWS-702A-1R Redundant Module Switching Power Supply,1 x Western Digital WD360ADFD 36GB SATA,Intel 631xESB/6321ESB Serial ATA Storage Controller,2 x Embedded Intel PRO/1000 EB Network Connection with I/O Acceleration,2/2/1,1000,KVM,KVM,KVM,Yes,,Server Balanced Processor Power and Performance,Microsoft Windows Server 2003 Enterprise x64 Edition,SP1,NTFS,"BEA Systems, Inc.","BEA JRockit(R) 1.6.0_02 (build P27.4.0-10-90053-1.6.0_02-20071009-1827-windows-x86_64, compiled mode)","-Xms3500m -Xmx3500m -XXaggressive -Xgc:genpar -Xns2900m -XXlazyunlocking -XXcallprofiling -XXtlasize:min=4k,preferred=512k -XXthroughputcompaction -XXgcthreads:4","JVM 1 to 0F, JVM 2 to F0",4,3500,3500,64,--,--,SSJ 1.1,SUT,,--,--,";;;""Lock pages in memory"" enabled for benchmark user;;;Hardware Prefetcher disabled in BIOS;;;C1 Enhanced Mode: enabled;;;Intel EIST Technology: enabled;;;C1 state supported: _C1234;;;Fan Speed Control Modes: 3-pin(Server)",16641283316837581477,Nov,2007,intel,xeone5345,,8,2,8,1.0,700.0,xeon,8000.0,,core,80.0,,,,,,,False,40,273.0,40,8.0,8,2007,80.0,273.0
6456,Acer Incorporated,97,Single Node,Acer Incorporated,"Taipei, Taiwan, ROC","Oct 22, 2010",Mar-2010,Dec-2009,"Dec 1, 2010",Single Supplier,Server,Line-powered,Acer Incorporated,"Gateway GT310 F1 (Intel Xeon X3470, 2.93 GHz)",Tower,Intel Xeon X3470,"Quad-Core, 2.93GHz, 8MB L3 Cache",2933,"4 cores, 1 chip, 4 cores/chip",8 (2 / core),1 chip,32 KB I + 32 KB D on chip per core,256 KB I+D on chip per core,8 MB I+D on chip per chip,,8.0,2 x 4096 MB,4GB 2Rx8 PC3-10600R; slots 1A and 2A are populated,1 x 450,FSP450-60EP,"1 x 64GB SSD 2.5&quot; SATA, Acer P/N:KF.0640N.001",Integrated SATA controller,2 x single-port Intel 82574L Gigabit Ethernet controller,1/1/1,1000,KVM,KVM,KVM,Yes,,Balance power enabled in OS,Microsoft Windows Server 2008 R2 Enterprise Edition,6.1.7600 Build 7600,NTFS,IBM Corporation,"IBM J9 VM &lt;build 2.4, JRE 1.6.0 IBM J9 2.4 Windows Server 2008 amd64-64 jvmwa6460sr7-20091214_049398 &lt;JIT enabled, AOT enabled&gt;",-Xaggressive -Xcompressedrefs -Xgcpolicy:gencon -Xmn1400m -ms1875m -Xmx1875m -XlockReservation -Xnoloa -XtlhPrefetch -Xlp,"start /affinity [0F,F0]",2,1875,1875,64,P05,01.40,SSJ 1.2.6,SUT,IBM Websphere Application Server V7.0 for Windows on x86-64bit,;;;BIOS Setting:;;;Load Optimal Defaults;;;Hardware Prefetcher: Disable;;;Adjacent Cache Line Prefetch: Disable;;;Intel Virtualization Technology: Disable;;;EIST: Enabled;;;Turbo Mode: Disable;;;CPU C1E: Enable;;;Execute Disable Bit: Disable,,";;;Each JVM was affinitized to four threads on a single socket.;;;Using the local security settings console, &quot;lock pages in memory&quot; was enabled for the user running the benchmark.",1020040607430031370,Mar,2010,intel,xeonx3470,,4,1,8,1.0,450.0,xeon,256.0,8000.0,nehalem,95.0,,,,,,,False,0,34.6,0,8.0,4,2010,95.0,34.6
5430,"GIGA-BYTE TECHNOLOGY CO., LTD.",9082,Single Node,"GIGA-BYTE TECHNOLOGY CO., LTD.","XinTien ,Taipei","Feb 15, 2022",Mar-2022,Oct-2021,"Mar 24, 2022",Single Supplier,Server,Line-powered,"GIGA-BYTE TECHNOLOGY CO., LTD.",R272-Z30,2U,AMD EPYC 7773X,"64-Core, 2.20GHz, 768MB L3 Cache",2200,"64 cores, 1 chip, 64 cores/chip",128 (2 / core),1 chips,32 KB I + 32 KB D on chip per core,512 KB I+D on chip per core,768 MB I+D on chip per chip,,128.0,8 x 16 GB,"8 x 16 GB 2Rx8 PC4-3200AA-R ECC RDIMM (P/N 25SD7-3216G1-S1R); slots A1,B1,C1,D1,E1,F1,G1,H1 populated",1 x 850,DELTA DPS-850AB-3,1 x 1.92TB SATA 6Gb/s SSD; (P/N 25SHA-1192TI-S1R),Embedded SATA Controller,1 x integrated 2-port NIC,2/2/1,1000,,,,No,,Enabled (see SUT Notes),Microsoft Windows Server 2019 Datacenter,Version 1809 (OS Build 17763.1518),NTFS,Oracle Corporation,"Java HotSpot(TM) 64-Bit Server VM 18.9 (build 11.0.11+9-LTS-194, mixed mode)",-server -Xmn1700m -Xms1950m -Xmx1950m -XX:UseSSE=4 -XX:UseAVX=1 -XX:SurvivorRatio=1 -XX:TargetSurvivorRatio=99 -XX:ParallelGCThreads=2 -XX:AllocatePrefetchDistance=256 -XX:AllocatePrefetchLines=2 -XX:LoopUnrollLimit=45 -XX:InitialTenuringThreshold=12 -XX:MaxTenuringThreshold=15 -XX:InlineSmallCode=3900 -XX:MaxInlineSize=270 -XX:FreqInlineSize=2500 -XX:+UseLargePages -XX:+UseParallelOldGC,"start /NODE [0,1,2,3,4,5,6,7,8] /AFFINITY [0xF,0xF0,0xF00,0xF000]",32,1950,1950,64,M07,12.58.03,SSJ 1.2.10,Controller,Microsoft Windows KB4578966,;;;Power Policy Quick Setting : Energy Efficient,none,";;;Using the local security settings console, ""lock pages in memory"" was enabled for the user running the benchmark.;;;Windows Power Options=Balanced Mode;;;Processor power management: Minimum Processor State = 0%;;;Processor power management: Maximum Processor State = 100%;;;System cooling policy = Active;;;PCI Express Power Management = Maximum Power Savings;;;Turn off Display = 1 Minute;;;Turn off hard disk = 1 Minute;;;Using Windows PowerShell, set the following powercfg properties:;;;Powercfg /setacvalueindex scheme_current sub_processor PROCTHROTTLEMIN 0;;;Powercfg /setacvalueindex scheme_current sub_processor PROCTHROTTLEMAX 100;;;Powercfg /setacvalueindex scheme_current sub_processor PERFEPP 0;;;Powercfg /setacvalueindex scheme_current sub_processor perfautonomous 1;;;Powercfg /setacvalueindex scheme_current sub_processor PERFBOOSTMODE 4;;;Powercfg /setactive scheme_current;;;N/A: The test sponsor attests, as of date of publication, that CVE-2017-5754 (Meltdown) is mitigated in the system as tested and documented.;;;YES: The test sponsor attests, as of date of publication, that CVE-2017-5753 (Spectre variant 1) is mitigated in the system as tested and documented.;;;YES: The test sponsor attests, as of date of publication, that CVE-2017-5715 (Spectre variant 2) is mitigated in the system as tested and documented.",3508041414832270770,Mar,2022,amd,epyc7773x,,64,1,128,1.0,850.0,epyc,512.0,768000.0,epyc,280.0,,,,,,,,20,133.0,20,128.0,64,2022,280.0,133.0
3454,"Huawei Technologies Co., Ltd",3175,Single Node,"Huawei Technologies Co., Ltd","Shenzhen, Guangdong, China","Mar 6, 2012",Mar-2012,Dec-2011,"Mar 28, 2012",Single Supplier,Server,Line-powered,"Huawei Technologies Co., Ltd",RH2288 V2,2U,Intel Xeon E5-2670,"8-Core, 2.60 GHz, 20 MB L3 Cache (Turbo Boost Technology up to 3.3 GHz)",2600,"16 cores, 2 chips, 8 cores/chip",32 (2 / core),"1,2 chips",32 KB I + 32 KB D on chip per core,256 KB I+D on chip per core,20 MB I+D on chip per chip,,32.0,4 x 8 GB,8GB 2Rx4 PC3L-10600E ECC,1 x 460,Huawei P/N PW98080438,"1 x 160GB SSD 2.5&quot; SATA, Huawei P/N 02310KSX",Integrated SATA controller,1 x Dual-port Intel 82580 Gigabit Ethernet controller,2/2/1,1000,,,,No,,Power Saver enabled in OS,"Windows Server 2008 R2, Enterprise Edition",R2,NTFS,IBM Corporation,"IBM J9 VM (build 2.4, JRE 1.6.0 IBM J9 2.4 Windows Server 2008 amd64-64 jvmwa6460sr6-20090923_42924 (JIT enabled, AOT enabled)",-Xaggressive -Xcompressedrefs -Xgcpolicy:gencon -Xmn1706m -Xms2048m -Xmx2048m -XlockReservation -Xnoloa -XtlhPrefetch -Xlp,"start /affinity [f,f0,f00,f000,f0000,f00000,f000000,f0000000]",8,2048,2048,64,V009,3.00,SSJ 1.2.9,Controller,IBM Websphere application server V7.0 for Windows on X86-64bit,;;;Hardware prefetcher -disabled.;;;Adjacent Cache Line Prefetch -disabled.;;;Turbo Boost enabled.;;;Memory Frequency Limit -1333MHz,none,";;;The test was started via Remote Desktop.;;;Minimum Processor State: 0%.;;;Maximum Processor State: 100%.;;;Turn off hard disk after 1 minute .;;;Each JVM instance was affinitized to four logical processors.;;;Using the local security settings console, &quot;lock pages in memory&quot; was enabled for the user running the benchmark.",6802667376784536216,Mar,2012,intel,xeone5-2670,,16,2,32,1.0,460.0,xeon,256.0,20000.0,sandybridge,115.0,True,,,False,,,False,50,128.0,50,32.0,16,2012,115.0,128.0
3612,Acer Incorporated,97,Single Node,Acer Incorporated,"Taipei, R.O.C.","May 23, 2012",May-2012,Dec-2011,"Jul 11, 2012",Single Supplier,Server,Line-powered,Acer Incorporated,Acer AR380 F2,2U,Intel Xeon E5-2630,"6 core, 2.3 GHz, 15MB L3 Cache (Turbo Boost Technology up to 2.8 GHz)",2300,"12 cores, 2 chips, 6 cores/chip",24 (2 / core),"1,2 chips",32 KB I + 32 KB D on chip per core,256 KB I+D on chip per core,15 MB I+D on chip per chip,,128.0,16 x 8192 MB,"8GB 2Rx8 PC3L-10600E; Slots 1A,2A,1B,2B, 1C,2C,1D,2D and 1E,2E, 1F,2F, 1G, 2G, 1H, 2H are populated",1 x 920,Acer P/N SC.9201S.002,2 x 300GB 15K RPM SAS 3.5&quot; HDD (P/N KH.30007.007),LSI MegaRAID SAS 9260-8i,2 x Intel I350 dual-port Gigabit Ethernet controller,4/4/1,1000,,,,No,No,Power save enabled in OS,Windows Server 2008,R2 SP1,NTFS,Oracle Corporation,"Oracle Java HotSpot(TM) 64-Bit Server VM on Windows, version 1.6.0_26",-server -showversion -Xmx2048m -Xms2048m -Xmn1706m -XX:ParallelGCThreads=4 -XX:BiasedLockingStartupDelay=200 -XX:SurvivorRatio=60 -XX:TargetSurvivorRatio=90 -XX:InlineSmallCode=3900 -XX:MaxInlineSize=270 -XX:FreqInlineSize=2500 -XX:AllocatePrefetchDistance=256 -XX:AllocatePrefetchLines=4 -XX:InitialTenuringThreshold=12 -XX:MaxTenuringThreshold=15 -XX:LoopUnrollLimit=45 -XX:+UseCompressedStrings -XX:+AggressiveOpts -XX:+UseLargePages -XX:+UseParallelOldGC -XX:-UseAdaptiveSizePolicy,"start /affinity [00000F, 0000F0, 000F00, 00F000, 0F0000, F00000]",6,2048,2048,64,D15,0.12,SSJ 1.2.9,Controller,,;;;BIOS Setting:;;;Load Optimal Defaults;;;Fan Speed Control Modes: Energy Saving /ES;;;DCU Prefetcher: Disabled;;;MLC Streamer Prefetcher: Disable;;;Turbo Mode: Enabled;;;Intel EIST Technology: Enabled;;;Hyper Threading Technology: Enabled;;;CPU C3 Report: Disabled;;;CPU C6 Report: Enabled,,;;;Each JVM instance was affinitized to four logical processors.;;;Turn off hard disk after 1 minute;;;&quot;lock pages in memory&quot; was enabled;;;Turn off display after 1 minute;;;Processor power management maximum 100%;;; Processor power management minimum 0%;;;Start the benchmark through Windows Remote Desktop connection,12666976904555692313,May,2012,intel,xeone5-2630,,12,2,24,1.0,920.0,xeon,256.0,15000.0,sandybridge,95.0,,True,,,,,False,50,209.0,50,128.0,12,2012,95.0,209.0
1074,Acer Incorporated,97,Single Node,Acer Incorporated,"Taipei, R.O.C.","Apr 3, 2013",May-2013,Oct-2012,"May 8, 2013",Single Supplier,Server,Line-powered,Acer Incorporated,Altos R380 F2,2U,Intel Xeon E5-2660 2.2 GHz (Intel Turbo Boost Technology up to 3.00 GHz),"8 core, 2.20 GHz, 20MB L3 Cache",2200,"16 cores, 2 chips, 8 cores/chip",32 (2 / core),"1, 2 chips",32 KB I + 32 KB D on chip per core,256 KB I+D on chip per chip,20 MB I+D on chip per chip,,24.0,6 x 4096 MB,"4GB 2Rx4 PC3-12800R; slots A1, B1, C1, E1,  F1, and G1 populated",1 x 750,Acer P/N SC.75017.002,"1 x 1TB 7.2K RPM SATA 2.5&quot; HDD, Acer part #KH.01K01.035",onboard SCU controller,2 x Intel I350 dual-port Gigabit Ethernet controller,1/1/1,1000,,,,No,,Power saver enabled in OS,"Windows Server 2008, Enterprise Edition",R2 SP1,NTFS,IBM Corporation,"IBM J9 VM (build 2.6, JRE 1.7.0 Windows Server 2008 R2 amd64-64 20120322_106209 JIT enabled, AOT enabled)",-Xaggressive -Xcompressedrefs -Xmx1500m -Xms1500m -Xmn1100m -XlockReservation -Xnoloa -XtlhPrefetch -Xlp -Xconcurrentlevel0 -Xthr:minimizeusercpu -Xgcthreads4,"start /affinity [0F,F0,F00,F000,F0000,F00000,F000000,F0000000]",8,1500,1500,64,01.06.0002,1.17.4010,SSJ 1.2.10,Controller,IBM SDK Java Technology Edition Version 7.0 for Windows x64,;;;BIOS Setting:;;;Load Optimal Defaults;;;Quiet Fan Idle Mode: Enabled;;;DCU Data Prefetcher: Disabled;;;MLC Streamer: Disabled;;;MLC Spatial Prefetcher: Disabled,,";;;Each JVM instance was affinitized to four logical processors.;;;Set &quot;Turn off hard disk after = 1 Minute&quot; in OS power plan;;;Using the local security settings console, &quot;lock pages in memory&quot; was enabled for the user running the benchmark.;;;Set &quot;Turn off display after = 1 Minute&quot; in OS power plan;;;Set Maximum processor state to 100% for Processor power management in OS power plan;;;Set Minimum processor state to 0% for Processor power management in OS power plan;;;Start the test through Windows Remote Desktop connection",14422894067977439272,May,2013,intel,xeone5-2660,3.0,16,2,32,1.0,750.0,xeon,256.0,20000.0,sandybridge,95.0,,,,,,,False,90,295.0,90,24.0,16,2013,95.0,295.0
511,"Verari Systems, Inc.",2686,Single Node,"Verari Systems, Inc.","San Diego, CA, USA","May 4, 2009",Jun-2009,Jun-2009,"May 20, 2009",Single Supplier,Server,Line-powered,"Verari Systems, Inc.",RB1305,1U,"Intel Xeon X5570, 2.933 GHz",2.933 GHz,2930,"8 cores, 2 chips, 4 cores/chip",16 (2 / core),"1,2 chips",32 KB I + 32 KB D on chip per core,256 KB I+D on chip per core,8 MB I+D on chip per chip,,8.0,4 x 2048 MB,"2GB 2Rx8 PC3-10600E ; slots A1,B1,D1,E1 populated",1 x 360,Supermicro PWS-361-1H,1 x 80GB Fujitsu (2.5&quot; SATA)5400 rpm,Integrated SATA controller,2 x Gb Intel 82576 (onboard),2/2/1,1000,,,,No,,balanced (see SUT Notes),Microsoft Windows Server 2008 Enterprise,"6.0.6002 Service Pack 2, v.286 Build 6002",NTFS,Oracle Corporation,"Oracle 6 P28.0.0 (build P28.0.0-29-114096-1.6.0_11-20090427-1759-windows-x86_64, (compiled mode)","-Xms2700m -Xns2200m -Xmx2700m -XXlargepages -XXaggressive -Xgc:genpar -XXthroughputcompaction -XXgcthreads=8 -XXlazyunlocking -XXcallprofiling -XXtlasize:min=12k,preferred=1024k","start /affinity [0x00ff,0xff00]",2,2700,2700,64,01.00.0033,version 34,SSJ 1.2.6,Controller,,(see SUT Notes),none,";;;Each JVM instance was affinitized to a socket.;;;Using the local security settings console, &quot;lock pages in memory&quot; was enabled for the user running the benchmark.;;;HT Technology enabled in BIOS.;;;Hardware Prefetch disabled in BIOS.;;;Adjacent Line Prefetch disabled in BIOS.;;;TURBO mode disabled in BIOS.;;;USB selective suspend enable in O/S.;;;Link State Power Manage for PCI Express set to maximum savings in O/S.;;;Remote Login used to access system.",14195176391367806765,Jun,2009,intel,xeonx5570,,8,2,16,1.0,360.0,xeon,256.0,8000.0,nehalem,95.0,,True,,False,,,False,100,224.0,100,8.0,8,2009,95.0,224.0
1509,Hewlett-Packard Company,3,Single Node,Hewlett-Packard Company,"Houston, Tx, USA","Mar 21, 2010",Jun-2010,Mar-2010,"Apr 7, 2010",Single Supplier,Server,Line-powered,Hewlett-Packard Company,"ProLiant DL385 G7 (2.2GHz, AMD Opteron 6174)",3U,AMD Opteron 6174,"12 core, 2.20 GHz, 10MB L2 Cache",2200,"24 cores, 2 chips, 12 cores/chip",24 (1 / core),"1,2 chips",64 KB I + 64 KB D on chip per core,512 MB I+D on chip per core,"12 MB I+D on chip per chip, 6 MB shared / 6 cores",,16.0,4 x 4096 MB,"4GB 2Rx4 PC3-10600E; slots 1,7 are populated on each processor",1 x 460,part number: 499250-101,"1 x 120GB SFF SATA SSD, HP Part #572073-B21",HP Smart Array P410i,2 x integrated Broadcom 5709 dual port,2/2/1,1000,KVM,KVM,KVM,No,1 x HP DL38X(1) x16 PCI-E riser kit (P/N 494323-B21),Balanced Mode,Windows Server 2008 Enterprise Edition,R2,NTFS,IBM Corporation,"IBM J9 VM (build 2.4, J2RE 1.6.0 IBM J9 2.4 Windows Server 2008 amd64-64 jvmwa64 60sr5-20090519_35743 (JIT enabled, AOT enabled)",-Xaggressive -Xcompressedrefs -Xgcpolicy:gencon -Xmn1500m -Xms1875m -Xmx1875m -XlockReservation -Xnoloa -XtlhPrefetch -Xlp,"start /affinity [3F,FC0,3F000,FC0000]",4,1875,1875,64,A18 03/50/2010,1.00 pass 60,SSJ 1.2.6,Controller,,See SUT Notes,Disabled Persistent Keyboard and Mouse,";;;Each JVM instance was affinitized to 6 cores in a socket.;;;Using the local security settings console, &quot;lock pages in memory&quot; was enabled for the user running the benchmark.;;;Power Options set to Balanced Mode<br>;;;&quot;Turn off hard disk after&quot; set to 1 minute;;;BIOS Settings:<br>;;;NICs 3 &amp; 4 were disabled;;;Wake-on LAN was disabled;;;Dynamic Power Savings Mode Response set to Slow;;;HT mode set to HT1",16910041599776720916,Jun,2010,amd,opteron6174,,24,2,24,1.0,460.0,opteron,512000.0,12000.0,opteron,115.0,,,,,,,,80,244.0,80,16.0,24,2010,115.0,244.0
2585,Dell Inc.,55,Single Node,Dell Inc.,"Round Rock, TX, USA","Oct 22, 2012",Oct-2012,Jun-2012,"Nov 14, 2012",Single Supplier,Server,Line-powered,Dell Inc.,"PowerEdge R420 (Intel Xeon E5-2470, 2.30 GHz)",1U,Intel Xeon E5-2470 (Intel Turbo Boost Technology up to 3.10 GHz ),"8 core, 2.30GHz, 20MB L3 Cache",2300,"16 cores, 2 chips, 8 cores/chip",32 (2 / core),"1, 2 chips",32 KB I + 32 KB D on chip per core,256 KB I+D on chip per core,20 MB I+D on chip per chip,,24.0,6 x 4096 MB,"4GB 2Rx8 PC3L-10600E-9 ECC; Slots A1-3,B1-3 populated",1 x 550,Dell P/N RYMG6,"1 x 100GB SATA SSD, Dell P/N DYW42",Integrated PERC S110,Integrated 1 x dual-port Broadcom 5720,2/2/1,1000,,,,No,,Power Saver plan in OS,Microsoft Windows Server 2008 x64 Enterprise Edition,R2 SP1,NTFS,IBM Corporation,"IBM J9 VM (build 2.6,JRE 1.7.0 Windows Server 2008 R2 amd64-64 20120322_106209 (JIT enabled, AOT enabled)",-Xaggressive -Xcompressedrefs -Xmx1024m -Xms1024m -Xmn800m -XlockReservation -Xnoloa -XtlhPrefetch -Xlp -Xconcurrentlevel0 -Xthr:minimizeusercpu -Xgcthreads4,"start /affinity [3,C,30,C0,300,C00,3000,C000,30000,C0000,300000,C00000,3000000,C000000,30000000,C0000000,]",16,1024,1024,64,1.3.5,1.22.23 (Build 1),SSJ 1.2.10,Controller,IBM SDK Java Technology Edition Version 7.0 for Windows x64,;;;QPI Speed = 6.4GT/s;;;Virtualization = disabled;;;Adjacent Cache Line Prefetch = disabled;;;Hardware Prefetcher = disabled;;;DCU Streamer Prefetcher = disabled;;;Execute disable = disabled;;;USB Ports = only back ports on;;;Internal USB = off;;;System Profile = Custom;;;CPU Power Management = DAPC;;;Intel Turbo Boost = enabled;;;Memory Frequency = 1333MHz;;;Memory Patrol Scrub = disabled;;;Memory Refresh Rate = 1x;;;Memory Operating Voltage = Auto;;;Collaborative CPU Performance Control = disabled,none,";;;Each JVM instance was bound to 2 logical processors;;;Using the local security settings console, &quot;lock pages in memory&quot; was enabled for the user running the benchmark.;;;Run initiated via Windows Remote Desktop Connection;;;Hard Disk set to turn off after 1 minute;;;Display set to turn off after 1 minute",3760685993987362742,Oct,2012,intel,xeone5-2470,3.1,16,2,32,1.0,550.0,xeon,256.0,20000.0,sandybridge,95.0,True,,False,False,,,False,60,146.0,60,24.0,16,2012,95.0,146.0
1595,Hewlett-Packard Company,3,Single Node,Hewlett-Packard Company,"Houston, TX","May 5, 2008",Jul-2008,Apr-2008,"May 21, 2008",Single Supplier,Server,Line-powered,Hewlett-Packard Company,"ProLiant DL180 G5 (2.50 GHz, Intel Xeon processor L5420)",--,Intel Xeon L5420,"2.50 GHz, 2x6 MB L2 shared, 1333 MHz system bus",2500,"8 cores, 2 chips, 4 cores/chip",8 (1 / core),"1,2 chips",32 KB I + 32 KB D on chip per core,"12 MB I+D on chip per chip, 6 MB shared / 2 cores",,,8.0,2 x 4096 MB,PC2-5300P CL5 LP; slots 1-2 4096 MB,1 x 1200,HP part # HSTNS-PD11,"1 x 80GB HP, 1.5G, 7.2K, 3.5&quot; LFF SATA HDD",Integrated ICH-9 SATA,1 x NC105i,1/1/1,1000,KVM,KVM,KVM,No,,Server Balanced Processor Power and Performance,Microsoft Windows Server 2003 x64 Enterprise Edition,R2,NTFS,"BEA Systems, Inc.","BEA JRockit(R) (build P27.5.0-5-97156-1.6.0_03-20080403-1524-windows-x86_64, compiled mode)","-Xms1600m -Xmx1600m -Xns1300m -XXaggressive -XXlargePages -XXthroughputCompaction -XXcallprofiling -XXlazyUnlocking -Xgc:genpar -XXgcthreads:2 -XXtlasize:min=12k,preferred=256k","Used &quot;start /affinity&quot; with &quot;0x3&quot;,&quot;0xc&quot;,&quot;0x30&quot; and &quot;0xc0&quot; CPU masks.",8,1600,1600,64,--,--,SSJ 1.1,Controller,,--,--,";;;Each JVM instance was affinitized to a pair of cores in a socket.;;;Using the local security settings console, &quot;lock pages in memory&quot; was enabled for the user running the benchmark.;;;BIOS Settings ;;;Adjacent Sector Prefetch Disabled.;;;Hardware Prefetch Disabled.",3018729766351352433,Jul,2008,intel,xeonl5420,,8,2,8,1.0,1200.0,xeon,12000.0,,core,50.0,,,,,,,False,80,178.0,80,8.0,8,2008,50.0,178.0
4845,Hewlett Packard Enterprise,3,Single Node,Hewlett Packard Enterprise,"Houston, TX, USA","Feb 23, 2021",Mar-2021,Jan-2021,"Mar 15, 2021",Single Supplier,Server,Line-powered,Hewlett Packard Enterprise,ProLiant DL345 Gen10 Plus,2U,AMD EPYC 7763 2.45 GHz,"64-Core, 2.45 GHz, 256MB L3 Cache",2450,"64 cores, 1 chip, 64 cores/chip",128 (2 / core),1 chip,32 KB I + 32 KB D on chip per core,512 KB I+D on chip per core,256 MB I+D on chip per chip,,128.0,8 x 16384 MB,"16 GB 2Rx8 PC4-3200AA-R; slots 1, 3, 5, 7, 10, 12, 14 and 16 populated",1 x 800,HPE 800W Flex Slot Titanium Hot Plug Low Halogen Power Supply Kit (865438-B21),1 x HPE 480GB SATA 6G SSD (P05976-B21),Embedded SATA Controller,1 x Intel Ethernet I350 4-Port 1Gb NIC,4/4/1,1000,,,,No,,Enabled (see SUT Notes),Windows Server 2019 Datacenter,Version 1809 (OS Build 17763.1697),NTFS,Oracle Corporation,"Oracle Java HotSpot(TM) 64-Bit Server VM 18.9 (build 11.0.8+10-LTS, mixed mode), version 11.0.8",-server -Xmn1450m -Xms1700m -Xmx1700m -XX:SurvivorRatio=1 -XX:TargetSurvivorRatio=99 -XX:ParallelGCThreads=2 -XX:AllocatePrefetchDistance=256 -XX:AllocatePrefetchLines=2 -XX:LoopUnrollLimit=45 -XX:InitialTenuringThreshold=12 -XX:MaxTenuringThreshold=15 -XX:InlineSmallCode=3900 -XX:MaxInlineSize=270 -XX:FreqInlineSize=2500 -XX:+UseLargePages -XX:+UseParallelOldGC -XX:LargePageSizeInBytes=2m -XX:+UseBiasedLocking -XX:+UseHugeTLBFS -XX:+UseTransparentHugePages,"start NODE [0-7] /AFFINITY [0x3,0xC,0x30,0xC0,0x300,0xC00,0x3000,0xC000]",64,1700,1700,64,A43 v2.40 (02/15/2021),2.40 Feb 07 2021,SSJ 1.2.10,Controller,KB4598230,BIOS Platform Configuration (RBSU):;;;BIOS Serial Console Port: Disabled;;;USB Support: All USB Ports Disabled;;;Determinism Control: Manual;;;Performance Determinism : Power Determinism;;;Memory Interleaving Mode: Disabled;;;Maximum Memory Bus Frequency: 2400 MHz;;;DRAM Controller Power Down: Enabled;;;NUMA memory domains per socket: Four memory domains per socket;;;Last-Level Cache (LLC) As NUMA Node: Enabled;;;Data Fabric C-State Enable: Force Enabled;;;C-State Efficiency Mode: Enabled;;;AMD Core Performance Boost: Disabled;;;AMD Fmax Boost Limit Control: Manual;;;AMD Fmax Boost Limit: 2450;;;L1 Stream HW Prefetcher: Disabled;;;L2 Stream HW Prefetcher: Disabled;;;Maximum PCI Express Speed: PCIe Generation 1.0,See SUT Notes,";;;Benchmark started via ssh;;;SPECpower_ssj.props input.load_level.number_warehouses set to 256 due to a known inconsistency in processor reporting with this Java version;;;OS tunes:;;;Windows Power Options = Balanced;;;Turn off Display = 1 Minute;;;Turn off hard disk  = 1 Minute;;;PCI Express Management = Maximum Power Savings;;;Powercfg /setacvalueindex scheme_current sub_processor PERFEPP 100;;;Powercfg /setacvalueindex scheme_current sub_processor perfautonomous 1;;;Powercfg /setactive scheme_current;;;Applied protection against speculative execution;;;N/A: The test sponsor attests, as of date of publication, that CVE-2017-5754 (Meltdown) is mitigated in the system as tested and documented.;;;Yes: The test sponsor attests, as of date of publication, that CVE-2017-5753 (Spectre variant 1) is mitigated in the system as tested and documented.;;;Yes: The test sponsor attests, as of date of publication, that CVE-2017-5715 (Spectre variant 2) is mitigated in the system as tested and documented.",4787837147952833151,Mar,2021,amd,epyc7763,,64,1,128,1.0,800.0,epyc,512.0,256000.0,epyc-gen3,280.0,True,,,False,True,,False,30,132.0,30,128.0,64,2021,280.0,132.0
2505,SGI,4,Single Node,SGI,"Mountain View,CA, USA","May 5, 2008",Jun-2008,Apr-2008,"Jun 4, 2008",Single Supplier,Server,Line-powered,SGI,"Altix XE320 Single Node (2.5 GHz, Intel Xeon processor E5420)",--,Intel Xeon E5420,"2.5 GHz, 12 MB L2 Cache, Quad-Core, 1333 MHz System Bus",2500,"8 cores, 2 chips, 4 cores/chip",8 (1 / core),"1,2 chips",32 KB I + 32 KB D on chip per core,"12 MB I+D on chip per chip, 6 MB shared / 2 cores",,,16.0,4x4096 MB,"SGI part # 9010127, 4GB DDR2 667 CL5 ECC Slots 1,3,5,7",1 x 980,SGI part # 060-0262-001,1 x 250GB 7200 RPM SATA,Integrated SATA controller,"Integrated  2 x Intel Gigabit Ethernet (80003ES2LAN, e1000 driver)",2/2/1,1000,,,,No,,Enabled(See SUT Notes),SUSE Linux Enterprise Server 10 (x86_64),10 SP1,xfs,"BEA Systems, Inc","BEA JRockit(R) (build P27.5.0-5-97156-1.6.0_03-20080403-1523-linux-x86_64, compiled mode)","-Xms3400m -Xns3200m -Xmx3400m -XXaggressive -XXlazyunlocking -XXthroughputcompaction -Xlargepages -Xgc:genpar -XXcallprofiling -XXtlasize:min=4k,preferred=1024k","numactl --physcpubind[0,2][4,6][1,3][5,7]",8,3400,3400,64,--,--,SSJ 1.1,Controller,,--,--,";;;Each JVM instance was affinitized to a pair of cores in a socket.;;;Huge pages were enabled in the OS using the following commands;;;echo ""7100"" > /proc/sys/vm/nr_hugepages;;;mount -t hugetlbfs nodev /mnt/hugepages;;;Disabled 'Hardware Prefetcher', 'Adjacent Cache  Line Prefetch' and 'Snoop Filter"" options in  BIOS;;;Enabled C1E, EIST and variable Fan Speed Control options in BIOS;;;Power Managment Settings;;;Adjusted the CPU utilization threshold for P-state transitions to maximum frequency with: echo ""90"">/sys/devices/system/cpu/cpu*/cpufreq/ondemand/up_threshold (default 20);;;Adjusted the CPU utilization sampling rate for P-state transitions with: echo ""20000000"">/sys/devices/system/cpu/cpu*/cpufreq/ondemand/sampling_rate (default 330000);;;Benchmark was run via LAN",709186084203289788,Jun,2008,intel,xeone5420,,8,2,8,1.0,980.0,xeon,12000.0,,core,80.0,,,,,,,,60,221.0,60,16.0,8,2008,80.0,221.0
5199,IBM Corporation,11,Single Node,IBM Corporation,"RTP, NC, USA","May 2, 2008",Apr-2008,Jun-2008,"May 21, 2008",Single Supplier,Server,Line-powered,IBM Corporation,IBM System x3200 M2,--,Intel Xeon X3360,"Quad-Core, 2.83GHz, 12MB L2 Cache",2833,"4 cores, 1 chip, 4 cores/chip",4 (1 / core),1 chip,32 KB I + 32 KB D on chip per core,"12 MB I+D on chip per chip, 6 MB shared / 2 cores",,,4.0,2 x 2048 MB,PC2-5300P ECC; slots 1 and 3 populated,1 x 400,IBM P/N 39Y7329,"1 x 160GB (SATA, 7.2k RPM, 3.5&quot;)",Integrated SATA controller,1 x Broadcom onboard NIC,1/1/1,1000,KVM,KVM,KVM,Yes,,Server Balanced Processor Power and Performance,Windows Server 2003 R2 Enterprise x64 Edition SP1,R2,NTFS,IBM Corporation,"IBM J9 2.4, JRE 1.6.0 Windows 64bitpwa6460sr1-20080305_01",-Xcompressedrefs -Xlp -Xgcpolicy:gencon -Xmn1000m -Xms1475m -Xmx1475m -XlockReservation -Xnoloa,"start /affinity [03,0C]",4,1475,1475,64,--,--,SSJ 1.1,Controller,,--,--,";;;Each JVM instance was affinitized to 2 cores via masks of 0x03, 0x0C;;;Using the local security settings console, &quot;lock pages in memory&quot; was enabled for the user running the benchmark.;;;Hardware Prefetch and Adjacent Sector Prefetch disabled in bios",11788990719811048197,Apr,2008,intel,xeonx3360,,4,1,4,1.0,400.0,xeon,12000.0,,core,95.0,,,,,,,False,20,69.9,20,4.0,4,2008,95.0,69.9
50,Fujitsu,19,Single Node,Fujitsu,"Kawasaki, Kanagawa, Japan","Apr 2, 2021",May-2021,Dec-2020,"Apr 28, 2021",Single Supplier,Server,Line-powered,Fujitsu,PRIMERGY RX2530 M6,1U,Intel Xeon Platinum 8380,"40-Core, 2.30GHz, 60MB L3 Cache",2300,"80 cores, 2 chips, 40 cores/chip",160 (2 / core),2 chips,32 KB I + 48 KB D on chip per core,1280 KB I+D on chip per core,60 MB I+D on chip per chip,,256.0,16 x 16384 MB,"16 x 16 GB 2Rx8 PC4-3200Y-R; slots 1A, 1B, 1C, 1D, 1E, 1F, 1G, 1H, 1J, 1K, 1L, 1M, 1N, 1P, 1Q, 1R populated",1 x 900,S26113-E629-V50-1,"1 x SSD M.2 240GB, S26361-F5787-E240",Integrated SATA Controller,"1 x PLAN CP I350-T4 4X 1000BASE-T OCPv3, PYBLA274U",4/4/1,1000,,,,No,,Enabled (see SUT Notes),SUSE Linux Enterprise Server 15 SP2,5.3.18-24.43-default,btrfs,Oracle Corporation,"Oracle Java HotSpot(TM) 64-Bit Server VM 18.9 (build 11.0.9+7-LTS, mixed mode)",-server -Xmn16000m -Xms18000m -Xmx18000m -XX:+UseHugeTLBFS -XX:+UseLargePages -XX:+UseTransparentHugePages -XX:AllocatePrefetchDistance=256 -XX:AllocatePrefetchInstr=0 -XX:AllocatePrefetchLines=4 -XX:InlineSmallCode=3900 -XX:MaxInlineSize=270 -XX:ParallelGCThreads=8 -XX:SurvivorRatio=1 -XX:TargetSurvivorRatio=99 -XX:+UseParallelOldGC -XX:FreqInlineSize=2500 -XX:MinJumpTableSize=18 -XX:UseAVX=0 -XX:+UseBiasedLocking,"chrt -r 1 taskset -c [(0,1,2,3,4,5,6,7,8,9,80,81,82,83,84,85,86,87,88,89),(10,11,12,13,14,15,16,17,18,19,90,91,92,93,94,95,96,97,98),(20,21,22,23,24,25,26,27,28,29,100,101,102,103,104,105,106,107,108,109),(30,31,32,33,34,35,36,37,38,39,110,111,112,113,114,115,116,117,118),(40,41,42,43,44,45,46,47,48,49,120,121,122,123,124,125,126,127,128,129),(50,51,52,53,54,55,56,57,58,59,130,131,132,133,134,135,136,137,138),(60,61,62,63,64,65,66,67,68,69,140,141,142,143,144,145,146,147,148,149),(70,71,72,73,74,75,76,77,78,79,150,151,152,153,154,155,156,157,158)] numactl --membind=[0-3]",8,1950,1950,64,R1.3.0,3.20m,SSJ 1.2.10,Controller,,";;;Set ""Hardware Prefetcher = Disabled"" in BIOS.;;;Set ""Adjacent Cache Line Prefetch = Disabled"" in BIOS.;;;Set ""DCU Streamer Prefetcher = Disabled"" in BIOS.;;;Set ""Intel Virtualization Technology = Disabled"" in BIOS.;;;Set ""Energy Performance = Energy Efficient"" in BIOS.;;;Set ""Package C State limit = C6"" in BIOS.;;;Set ""UPI Link Frequency Select = 9.6GT/s"" in BIOS.;;;Set ""Uncore Frequency Scaling = Power Balanced"" in BIOS.;;;Set ""DDR Performance = Power balanced"" in BIOS.;;;Set ""SNC(Sub NUMA) = Enable SNC2"" in BIOS.;;;Set ""ASPM Support = L1 only"" in BIOS.;;;Set ""SATA Controller = Disabled"" in BIOS.;;;Set ""Serial Port = Disabled"" in BIOS.;;;Set ""USB Port Control = Disable all ports"" in BIOS.;;;Set ""Network Stack = Disabled"" in BIOS.",,";;;kernel parameter: pcie_aspm=force pcie_aspm.policy=powersave intel_pstate=passive;;;Benchmark started via ssh.;;;modprobe cpufreq_conservative.;;;cpupower frequency-set -g conservative.;;;echo 3000000 > /sys/devices/system/cpu/cpufreq/conservative/sampling_rate.;;;echo      94 > /sys/devices/system/cpu/cpufreq/conservative/up_threshold.;;;echo       1 > /sys/devices/system/cpu/cpufreq/conservative/freq_step.;;;echo      93 > /sys/devices/system/cpu/cpufreq/conservative/down_threshold.;;;echo always  > /sys/kernel/mm/transparent_hugepage/enabled.;;;cpupower frequency-set -u 2400MHz;;;sysctl -w kernel.nmi_watchdog=0;;;&lt;Yes&gt; The test sponsor attests, as of date of publication, that CVE-2017-5754 (Meltdown) is mitigated in the system as tested and documented.;;;&lt;Yes&gt; The test sponsor attests, as of date of publication, that CVE-2017-5753 (Spectre variant 1) is mitigated in the system as tested and documented.;;;&lt;Yes&gt; The test sponsor attests, as of date of publication, that CVE-2017-5715 (Spectre variant 2) is mitigated in the system as tested and documented.",6268197164451483253,May,2021,intel,xeonplatinum8380,,80,2,160,1.0,900.0,xeon,1280.0,60000.0,icelake,270.0,True,,,,True,,False,100,580.0,100,256.0,80,2021,270.0,580.0
6330,"GIGA-BYTE TECHNOLOGY CO., LTD.",9082,Single Node,"GIGA-BYTE TECHNOLOGY CO., LTD.","XinTien ,Taipei","Sep 18, 2018",May-2018,Mar-2018,"Oct 17, 2018",Parts Built,Server,Line-powered,"GIGA-BYTE TECHNOLOGY CO., LTD.",R181-Z90,1U,AMD EPYC 7601,"32-Core, 2.2GHz, 64MB L3 Cache",2200,"64 cores, 2 chips, 32 cores/chip",128 (2 / core),"1,2 chips",64 KB I + 32 KB D on chip per core,512 KB I+D on chip per core,64 MB I+D on chip per chip,,128.0,16 x 8 GB,"8GB 1Rx8 PC4-2666V-R; Crucial CT8G4RFS8266.9FD1, slots CPU0_DIMM[A-H]0, CPU1_DIMM[I-P]0 populated",1 x 850,DELTA DPS-850AB-3 A,1 x ADATA ASP610SS-256GM SATA 6Gb/s SSD,Embedded SATA Controller,2 x Integrated NIC,2/2/1,1000,,,,No,,AMD Naples Balanced V3 (see SUT notes),Microsoft Windows Server 2012 R2 Datacenter,Version 6.3 (Build 9600),NTFS,Oracle Corporation,"Java HotSpot 64-Bit Server VM (build 24.80-b11, mixed mode), version 1.7.0_80-b15",-server -Xmx1550m -Xms1550m -Xmn1300m -XX:SurvivorRatio=1 -XX:TargetSurvivorRatio=99 -XX:ParallelGCThreads=2 -XX:AllocatePrefetchDistance=256 -XX:AllocatePrefetchLines=4 -XX:LoopUnrollLimit=45 -XX:InitialTenuringThreshold=12 -XX:MaxTenuringThreshold=15 -XX:InlineSmallCode=3900 -XX:MaxInlineSize=270 -XX:FreqInlineSize=2500 -XX:+UseLargePages -XX:+UseParallelOldGC -XX:+AggressiveOpts,"start /NODE [0,1,2,3,4,5,6,7] /AFFINITY [0x3,0xC,0x30,0xC0,0x300,0xC00,0x3000,0xC000]",64,1550,1550,64,F03,1.61,SSJ 1.2.10,Controller,Microsoft Windows KB4054519,;;;AMD Core Performance Boost: Disabled;;;Memory Bus Frequency: 1600 Mhz;;;L1 Stream HW Prefetcher: Disabled;;;L2 Stream HW Prefetcher: Disabled;;;Determinism Silder: Performance;;;SVM Mode: Disabled;;;SMEE: Disabled;;;TSME: Disabled,none,";;;Using the local security settings console, ""lock pages in memory"" was enabled for the user running the benchmark.;;;Windows Power Options=Balanced Mode;;;Processor power management: Minimum Processor State = 0%;;;Processor power management: Maximum Processor State = 100%;;;System cooling policy = Active;;;PCI Express Power Management = Maximum Power Savings;;;Turn off Display = 1 Minute;;;Turn off hard disk = 1 Minute;;;Using Windows PowerShell, set the following powercfg properties:;;;powercfg -setacvalueindex scheme_current SUB_PROCESSOR CPMINCORES 100;;;powercfg -setacvalueindex scheme_current SUB_PROCESSOR CPPERF 0;;;powercfg -setacvalueindex scheme_current SUB_PROCESSOR DISTRIBUTEUTIL 0;;;powercfg -setacvalueindex scheme_current SUB_PROCESSOR IDLECHECK 50000;;;powercfg -setacvalueindex scheme_current SUB_PROCESSOR PERFINCTHRESHOLD 25;;;powercfg -setacvalueindex scheme_current SUB_PROCESSOR PERFDECTHRESHOLD 10;;;N/A: The test sponsor attests, as of date of publication, that CVE-2017-5754 (Meltdown) is mitigated in the system as tested and documented.;;;No: The test sponsor attests, as of date of publication, that CVE-2017-5753 (Spectre variant 1) is mitigated in the system as tested and documented.;;;No: The test sponsor attests, as of date of publication, that CVE-2017-5715 (Spectre variant 2) is mitigated in the system as tested and documented.",7443454378080650139,May,2018,amd,epyc7601,,64,2,128,1.0,850.0,epyc,512.0,64000.0,epyc-gen1,180.0,True,,,,,,False,0,95.5,0,128.0,64,2018,180.0,95.5
1419,"Huawei Technologies Co., Ltd",3175,Single Node,"Huawei Technologies Co., Ltd","Shenzhen, Guangdong, China","Jun 12, 2012",Jun-2012,Dec-2011,"Jun 28, 2012",Single Supplier,Server,Line-powered,"Huawei Technologies Co., Ltd",RH2485 V2,2U,Intel Xeon E5-4640,"8-Core, 2.40 GHz, 20 MB L3 Cache (Turbo Boost Technology up to 2.80 GHz)",2400,"32 cores, 4 chips, 8 cores/chip",64 (2 / core),"1,2,3,4 chips",32 KB I + 32 KB D on chip per core,256 KB I+D on chip per core,20 MB I+D on chip per chip,,48.0,12 x 4 GB,4GB 2Rx8 PC3L-10600R ECC,1 x 750,Huawei P/N 98080310,"1 x 160GB SSD 2.5&quot; SATA, Huawei P/N 02310KSX",Integrated SATA controller,1 x Dual-port Intel 82580 Gigabit Ethernet controller,2/2/1,1000,,,,No,,Power Saver enabled in OS,Microsoft Windows Server 2008 Enterprise x64 Edition,R2 SP1,NTFS,Oracle Corporation,"Oracle Java HotSpot(TM) 64-Bit Server VM on Windows, version 1.6.0_30",-server -Xmx1600m -Xms1600m -Xmn1200m -XX:ParallelGCThreads=2 -XX:SurvivorRatio=60 -XX:TargetSurvivorRatio=90 -XX:InlineSmallCode=3900 -XX:MaxInlineSize=270 -XX:FreqInlineSize=2500 -XX:AllocatePrefetchDistance=256 -XX:AllocatePrefetchLines=4 -XX:InitialTenuringThreshold=12 -XX:MaxTenuringThreshold=15 -XX:LoopUnrollLimit=45 -XX:+UseCompressedStrings -XX:+AggressiveOpts -XX:+UseLargePages -XX:+UseParallelOldGC,"start /affinity [0xF,0xF0,0xF00,0xF000,0xF0000,0xF00000,0xF000000,0xF0000000,0xF00000000,0xF000000000,0xF0000000000,0xF00000000000,0xF000000000000,0xF0000000000000,0xF00000000000000,0xF000000000000000]",16,1600,1600,64,V023,3.00,SSJ 1.2.9,Controller,,;;;Hardware prefetcher -disabled.;;;Adjacent Cache Line Prefetch -disabled.;;;DCU Streamer Prefetcher -disabled.;;;Intel HT Technology -enabled.;;;Turbo mode -enabled.;;;C-state -enabled.;;;Power Mode -Efficiency.;;;QPI Link  Speed -6.4GT/s.;;;Memory Frequency Limit -1333MHz.;;;Demand Scrubbing -disabled.;;;USB configuration EHCI 2 -disabled.,none,";;;The test was started via Remote Desktop.;;;Minimum Processor State: 0%.;;;Maximum Processor State: 100%.;;;Turn off hard disk after 1 minute .;;;Each JVM instance was affinitized to four logical processors.;;;Using the local security settings console, &quot;lock pages in memory&quot; was enabled for the user running the benchmark.",5389722159626547097,Jun,2012,intel,xeone5-4640,,32,4,64,1.0,750.0,xeon,256.0,20000.0,sandybridge,95.0,True,True,,,True,,False,80,320.0,80,48.0,32,2012,95.0,320.0
3323,Dell Inc.,55,Single Node,Dell Inc.,"Round Rock, TX, USA","May 3, 2016",Mar-2016,Apr-2015,"May 25, 2016",Single Supplier,Server,Line-powered,Dell Inc.,PowerEdge R730 (Intel Xeon E5-2699 v4 2.20 GHz),2U,Intel Xeon E5-2699 v4 2.20 GHz,"22 core, 2.20 GHz, 55 MB L3 Cache",2200,"44 cores, 2 chips, 22 cores/chip",88 (2 / core),"1,2 chips",32 KB I + 32 KB D on chip per core,256 KB I+D on chip per core,55 MB I+D on chip per chip,,128.0,8 x 16 GB,"16GB 2Rx8 PC4-2400T ECC; Dell p/n HNDJ7, Slots A1-4,B1-4 populated.",1 x 750,Dell p/n KNHJV,"1 x 120 GB SATA SSD, Dell p/n KX83R",Native Chipset SATA,"1 x quad-port Broadcom 5720, Dell P/N FM487",4/4/1,1000,,,,No,,Power saver power plan in OS,Microsoft Windows Server 2012 R2 Datacenter,Version 6.3.9600.17196,NTFS,Oracle Corporation,"Java HotSpot 64-Bit Server VM (build 24.80-b11, mixed mode), version 1.7.0_80",-server -Xmx13g -Xms13g -Xmn11g -XX:SurvivorRatio=1 -XX:TargetSurvivorRatio=99 -XX:ParallelGCThreads=22 -XX:AllocatePrefetchDistance=256 -XX:AllocatePrefetchLines=4 -XX:LoopUnrollLimit=45 -XX:InitialTenuringThreshold=12 -XX:MaxTenuringThreshold=15 -XX:InlineSmallCode=9000 -XX:MaxInlineSize=270 -XX:FreqInlineSize=6000 -XX:+UseLargePages -XX:+UseParallelOldGC -XX:+AggressiveOpts -XX:+OptimizeStringConcat -XX:+UseStringCache,"start /NODE [0,1,2,3] /AFFINITY [0x3FFFFF]",4,13000,13000,64,2.1.4,2.30.30.30,SSJ 1.2.10,Controller,none,;;;Cluster on Die Snoop mode;;;QPI Speed set to 6.4GT/s;;;Adjacent Cache Line Prefetch disabled;;;Hardware Prefetcher disabled;;;DCU Streamer Prefetcher disabled;;;Logical Processor Idling disabling;;;System Profile set to Custom;;;CPU Power Management set to System DBPM (DAPC);;;Turbo Boost disabled;;;C1E enabled;;;C States set to Autonomous;;;Memory DDR Freq Limit set to 1866MHz;;;Memory Patrol Scrub set to disabled;;;Memory Refresh Rate set to 1x;;;Memory Operating Voltage set to Auto;;;Collaborative CPU Performance Control disabled;;;Energy Efficient Policy set to Energy Efficient;;;Uncore Frequency set to Dynamic;;;Monitor/Mwait enabled,;;;285W User Defined Power Cap Policy,";;;Each JVM instance was bound to 22 logical processors;;;Using the local security settings console, &quot;lock pages in memory&quot; was enabled for the user running the benchmark;;;Run initiated via Windows Remote Desktop Connection;;;Hard Disk set to turn off after 1 minute;;;Display set to turn off after 1 minute;;;Power Saver Power Plan Minimum processor state set to 0%;;;Maximum processor state set to 100%;;;SPECpower_ssj.props input.load_level.number_warehouses set to 88 due to a known inconsistency in processor reporting with this Java version.;;;BIOS.SysProfileSettings.PowerSaver enabled via racadm",2704664066611529625,Mar,2016,intel,xeone5-2699v4,,44,2,88,1.0,750.0,xeon,256.0,55000.0,broadwell,145.0,True,,,False,True,,False,50,150.0,50,128.0,44,2016,145.0,150.0
6041,"Huawei Technologies Co., Ltd",3175,Single Node,"Huawei Technologies Co., Ltd","Shenzhen, Guangdong, China","Feb 29, 2012",Mar-2012,Dec-2011,"Mar 28, 2012",Single Supplier,Server,Line-powered,"Huawei Technologies Co., Ltd",RH2288 V2,2U,Intel Xeon E5-2650L,"8-Core, 1.80 GHz, 20 MB L3 Cache (Turbo Boost Technology up to 2.3 GHz)",1800,"16 cores, 2 chips, 8 cores/chip",32 (2 / core),"1,2 chips",32 KB I + 32 KB D on chip per core,256 KB I+D on chip per core,20 MB I+D on chip per chip,,32.0,8 x 4 GB,4GB 2Rx8 PC3L-10600E ECC,1 x 460,Huawei P/N PW98080438,"1 x 160GB SSD 2.5&quot; SATA, Huawei P/N 02310KSX",Integrated SATA controller,1 x Dual-port Intel 82580 Gigabit Ethernet controller,2/2/1,1000,,,,No,,Power Saver enabled in OS,"Windows Server 2008 R2, Enterprise Edition",R2,NTFS,IBM Corporation,"IBM J9 VM (build 2.4, JRE 1.6.0 IBM J9 2.4 Windows Server 2008 amd64-64 jvmwa6460sr6-20090923_42924 (JIT enabled, AOT enabled)",-Xaggressive -Xcompressedrefs -Xgcpolicy:gencon -Xmn1706m -Xms2048m -Xmx2048m -XlockReservation -Xnoloa -XtlhPrefetch -Xlp,"start /affinity [f,f0,f00,f000,f0000,f00000,f000000,f0000000]",8,2048,2048,64,V009,3.00,SSJ 1.2.9,Controller,IBM Websphere application server V7.0 for Windows on X86-64bit,;;;Hardware prefetcher -disabled.;;;Adjacent Cache Line Prefetch -disabled.;;;Turbo Boost enabled.;;;Memory Frequency Limit -1333MHz,none,";;;The test was started via Remote Desktop.;;;Minimum Processor State: 0%.;;;Maximum Processor State: 100%.;;;Turn off hard disk after 1 minute .;;;Each JVM instance was affinitized to four logical processors.;;;Using the local security settings console, &quot;lock pages in memory&quot; was enabled for the user running the benchmark.",16979018169950727744,Mar,2012,intel,xeone5-2650l,,16,2,32,1.0,460.0,xeon,256.0,20000.0,sandybridge,70.0,True,,,False,,,False,10,78.3,10,32.0,16,2012,70.0,78.3
1425,Advanced Micro Devices,49,Single Node,Advanced Micro Devices,"Austin, TX USA","Oct 15, 2012",Nov-2012,Apr-2012,"Nov 7, 2012",Single Supplier,Server,Line-powered,"Supermicro Computer, Inc.",1022G-NTF,1U,AMD Opteron 6366 HE (AMD Turbo CORE Technology up to 3.10GHz),"16 Core, 1.8GHz, 16MB L3 Cache",1800,"32 cores, 2 chips, 16 cores/chip",32 (1 / core),"1,2 chips",512 KB I + 256 KB D on chip per chip,"16 MB I+D on chip per chip, 2 MB shared / 2 cores","16 MB I+D on chip per chip, 8 MB shared / 8 cores",,64.0,8 x 8 GB,"8GB 2Rx4 PC3L-12800R-11-11; slots 1a, 2a, 3a, 4a populated per socket",1 x 560,Supermicro PWS-563-1H20,1 x 240 GB Corsair F240 SATA SSD,Integrated SATA Controller,2 x Intel 82576 Gigabit Dual Port Ethernet,2/2/1,1000,,,,Yes,,Balanced Power profile,Windows Server 2008 R2 Enterprise,SP1,NTFS,IBM Corporation,"IBM J9 VM (build 2.6, JRE 1.7.0 Windows Server 2008 R2 amd64-64 20120322_106209(JIT enabled, AOT enabled))",-Xms1875m -Xmn1400m -Xmx1875m -Xlp -Xaggressive -XlockReservation -Xcompressedrefs -Xnoloa -Xgcpolicy:gencon -Xthr:minimizeUserCPU -Xgcthreads2,"start /affinity [03,0C,30,C0] /node [0|1|2|3]",16,1875,1875,64,3.0a 10/3/2012,v2.36,SSJ 1.2.9,SUT,IBM SDK Java Technology Edition Version 7.0 for Windows x64,;;;CPB Mode: Disable;;;Memory Timing Config: Manual;;;Memory Clock Speed: 667 MHz;;;Load Onboard LAN1 Option ROM: Disable;;;Serial Port1 Address: Disable;;;Serial Port2 Address: Disable;;;Fan Speed Control Modes: Energy Saving/ES;;;HT Speed Support: HT1,none,";;;Each JVM instance was affinitized to one Core Unit pair.;;;Using the local security settings console, &quot;lock pages in memory&quot; was enabled for the user running the benchmark.;;;Run started via Remote Desktop",4901387448698327867,Nov,2012,amd,opteron6366he,3.1,32,2,32,1.0,560.0,opteron,16000.0,16000.0,opteron,85.0,True,,,,,,,80,195.0,80,64.0,32,2012,85.0,195.0
